Wilayah,Tahun,Prediksi_Penduduk,Prediksi_Timbulan_Sampah,latitude,longitude
ANTAJAYA,2025,6711,3106.83,-6.589.319.000.000.000,10.717.799.399.999.900
ANTAJAYA,2026,6839,3646.62,-6.589.319.000.000.000,10.717.799.399.999.900
ANTAJAYA,2027,6969,4130.71,-6.589.319.000.000.000,10.717.799.399.999.900
ANTAJAYA,2028,7102,4157.48,-6.589.319.000.000.000,10.717.799.399.999.900
ANTAJAYA,2029,7237,4157.48,-6.589.319.000.000.000,10.717.799.399.999.900
ARGAPURA,2025,12885,5577.37,-6.463.609,10.649.949
ARGAPURA,2026,13213,6575.32,-6.463.609,10.649.949
ARGAPURA,2027,13548,7367.97,-6.463.609,10.649.949
ARGAPURA,2028,13892,7662.32,-6.463.609,10.649.949
ARGAPURA,2029,14245,7662.32,-6.463.609,10.649.949
BABAKAN,2025,17082,5211.35,-6.355.245.999.999.990,10.646.257.099.999.900
BABAKAN,2026,19525,7692.17,-6.355.245.999.999.990,10.646.257.099.999.900
BABAKAN,2027,22319,7132.5,-6.355.245.999.999.990,10.646.257.099.999.900
BABAKAN,2028,25512,9505.61,-6.355.245.999.999.990,10.646.257.099.999.900
BABAKAN,2029,29161,9565.66,-6.355.245.999.999.990,10.646.257.099.999.900
BABAKAN MADANG,2025,10435,4566.85,-6.511.184,10.685.024.099.999.900
BABAKAN MADANG,2026,10684,5382.54,-6.511.184,10.685.024.099.999.900
BABAKAN MADANG,2027,10939,6018.41,-6.511.184,10.685.024.099.999.900
BABAKAN MADANG,2028,11200,6272.79,-6.511.184,10.685.024.099.999.900
BABAKAN MADANG,2029,11467,6272.79,-6.511.184,10.685.024.099.999.900
BABAKAN SADENG,2025,8913,4599.38,-6.571.472,10.657.903.199.999.900
BABAKAN SADENG,2026,9091,5400.96,-6.571.472,10.657.903.199.999.900
BABAKAN SADENG,2027,9273,6094.94,-6.571.472,10.657.903.199.999.900
BABAKAN SADENG,2028,9458,6228.65,-6.571.472,10.657.903.199.999.900
BABAKAN SADENG,2029,9647,6228.65,-6.571.472,10.657.903.199.999.900
BABAKANRADEN,2025,5704,2961.15,-648.803,107.138.399
BABAKANRADEN,2026,5818,3475.16,-648.803,107.138.399
BABAKANRADEN,2027,5934,3918.77,-648.803,107.138.399
BABAKANRADEN,2028,6053,3918.77,-648.803,107.138.399
BABAKANRADEN,2029,6174,3918.77,-648.803,107.138.399
BAGOANG,2025,6414,29311.0,-6.430.348,10.645.678.300.000.000
BAGOANG,2026,6568,3426.25,-6.430.348,10.645.678.300.000.000
BAGOANG,2027,6725,3884.3,-6.430.348,10.645.678.300.000.000
BAGOANG,2028,6886,3884.3,-6.430.348,10.645.678.300.000.000
BAGOANG,2029,7051,3884.3,-6.430.348,10.645.678.300.000.000
BALEKAMBANG,2025,7691,3860.21,-6.513.213,10.708.052
BALEKAMBANG,2026,7845,4533.66,-6.513.213,10.708.052
BALEKAMBANG,2027,8002,5116.04,-6.513.213,10.708.052
BALEKAMBANG,2028,8162,5213.06,-6.513.213,10.708.052
BALEKAMBANG,2029,8325,5213.06,-6.513.213,10.708.052
BANGUNJAYA,2025,10781,4204.19,-6.457.104.000.000.000,10.654.073.000.000.000
BANGUNJAYA,2026,11272,4924.81,-6.457.104.000.000.000,10.654.073.000.000.000
BANGUNJAYA,2027,11785,5491.5,-6.457.104.000.000.000,10.654.073.000.000.000
BANGUNJAYA,2028,12321,5771.94,-6.457.104.000.000.000,10.654.073.000.000.000
BANGUNJAYA,2029,12882,5771.94,-6.457.104.000.000.000,10.654.073.000.000.000
BANJAR WANGI,2025,6803,3386.12,-6.681.560.999.999.990,10.686.086.099.999.900
BANJAR WANGI,2026,6840,3977.64,-6.681.560.999.999.990,10.686.086.099.999.900
BANJAR WANGI,2027,6878,4504.8,-6.681.560.999.999.990,10.686.086.099.999.900
BANJAR WANGI,2028,6916,4542.48,-6.681.560.999.999.990,10.686.086.099.999.900
BANJAR WANGI,2029,6954,4542.48,-6.681.560.999.999.990,10.686.086.099.999.900
BANJAR WARU,2025,9441,4304.35,-6.668.755.999.999.990,10.685.471.300.000.000
BANJAR WARU,2026,9609,5058.55,-6.668.755.999.999.990,10.685.471.300.000.000
BANJAR WARU,2027,9779,5679.94,-6.668.755.999.999.990,10.685.471.300.000.000
BANJAR WARU,2028,9953,5868.52,-6.668.755.999.999.990,10.685.471.300.000.000
BANJAR WARU,2029,10130,5868.52,-6.668.755.999.999.990,10.685.471.300.000.000
BANJARSARI,2025,10689,4251.98,-6.683.680.999.999.990,10.686.947
BANJARSARI,2026,11132,4981.06,-6.683.680.999.999.990,10.686.947
BANJARSARI,2027,11593,5561.32,-6.683.680.999.999.990,10.686.947
BANJARSARI,2028,12074,5829.87,-6.683.680.999.999.990,10.686.947
BANJARSARI,2029,12574,5829.87,-6.683.680.999.999.990,10.686.947
BANTAR JATI,2025,7635,3855.28,-6.468.012,106.903.398
BANTAR JATI,2026,7668,4518.57,-6.468.012,106.903.398
BANTAR JATI,2027,7701,5112.8,-6.468.012,106.903.398
BANTAR JATI,2028,7734,5186.89,-6.468.012,106.903.398
BANTAR JATI,2029,7767,5186.89,-6.468.012,106.903.398
BANTARJAYA,2025,12661,4900.81,-6.530.289.000.000.000,10.673.231.000.000.000
BANTARJAYA,2026,13235,5756.12,-6.530.289.000.000.000,10.673.231.000.000.000
BANTARJAYA,2027,13834,6406.27,-6.530.289.000.000.000,10.673.231.000.000.000
BANTARJAYA,2028,14461,6766.82,-6.530.289.000.000.000,10.673.231.000.000.000
BANTARJAYA,2029,15116,6766.82,-6.530.289.000.000.000,10.673.231.000.000.000
BANTARKARET,2025,12015,5417.76,-6.671.971.999.999.990,10.657.608.599.999.900
BANTARKARET,2026,12243,6383.58,-6.671.971.999.999.990,10.657.608.599.999.900
BANTARKARET,2027,12477,7166.77,-6.671.971.999.999.990,10.657.608.599.999.900
BANTARKARET,2028,12714,7420.83,-6.671.971.999.999.990,10.657.608.599.999.900
BANTARKARET,2029,12956,7420.83,-6.671.971.999.999.990,10.657.608.599.999.900
BANTARKUNING,2025,5146,24108.6,-6.559.778,107.142.544
BANTARKUNING,2026,5257,28310.7,-6.559.778,107.142.544
BANTARKUNING,2027,5370,3137.76,-6.559.778,107.142.544
BANTARKUNING,2028,5485,3137.76,-6.559.778,107.142.544
BANTARKUNING,2029,5603,3137.76,-6.559.778,107.142.544
BANTARSARI,2025,9114,3566.85,-6.520.014.000.000.000,10.673.231.000.000.000
BANTARSARI,2026,9595,4170.0,-6.520.014.000.000.000,10.673.231.000.000.000
BANTARSARI,2027,10101,4666.72,-6.520.014.000.000.000,10.673.231.000.000.000
BANTARSARI,2028,10633,4854.3,-6.520.014.000.000.000,10.673.231.000.000.000
BANTARSARI,2029,11194,4854.3,-6.520.014.000.000.000,10.673.231.000.000.000
BANYUASIH,2025,7395,3519.09,-6.486.434,10.658.773.900.000.000
BANYUASIH,2026,7503,4130.85,-6.486.434,10.658.773.900.000.000
BANYUASIH,2027,7613,4665.05,-6.486.434,10.658.773.900.000.000
BANYUASIH,2028,7725,4741.2,-6.486.434,10.658.773.900.000.000
BANYUASIH,2029,7838,4741.2,-6.486.434,10.658.773.900.000.000
BANYURESMI,2025,8235,3573.33,-6.527.463,10.658.787.200.000.000
BANYURESMI,2026,8461,4190.98,-6.527.463,10.658.787.200.000.000
BANYURESMI,2027,8694,4711.91,-6.527.463,10.658.787.200.000.000
BANYURESMI,2028,8933,4843.29,-6.527.463,10.658.787.200.000.000
BANYURESMI,2029,9179,4843.29,-6.527.463,10.658.787.200.000.000
BANYUWANGI,2025,6919,27448.1,-6.508.189,10.655.247.899.999.900
BANYUWANGI,2026,7242,3211.13,-6.508.189,10.655.247.899.999.900
BANYUWANGI,2027,7581,3636.23,-6.508.189,10.655.247.899.999.900
BANYUWANGI,2028,7935,3657.98,-6.508.189,10.655.247.899.999.900
BANYUWANGI,2029,8306,3657.98,-6.508.189,10.655.247.899.999.900
BARENGKOK,2025,11118,7305.45,-6.597.866.999.999.990,106.635.025
BARENGKOK,2026,11367,6770.33,-6.597.866.999.999.990,106.635.025
BARENGKOK,2027,11622,8948.33,-6.597.866.999.999.990,106.635.025
BARENGKOK,2028,11882,8948.33,-6.597.866.999.999.990,106.635.025
BARENGKOK,2029,12148,8948.33,-6.597.866.999.999.990,106.635.025
BASIR BUNCIR,2025,8023,4140.8,-6.757.747,10.685.028.800.000.000
BASIR BUNCIR,2026,8044,4872.67,-6.757.747,10.685.028.800.000.000
BASIR BUNCIR,2027,8065,5497.38,-6.757.747,10.685.028.800.000.000
BASIR BUNCIR,2028,8086,5607.72,-6.757.747,10.685.028.800.000.000
BASIR BUNCIR,2029,8108,5607.72,-6.757.747,10.685.028.800.000.000
BATOK,2025,12058,6350.74,-6.365.888.000.000.000,10.650.538.000.000.000
BATOK,2026,12300,7527.09,-6.365.888.000.000.000,10.650.538.000.000.000
BATOK,2027,12546,8502.75,-6.365.888.000.000.000,10.650.538.000.000.000
BATOK,2028,12797,8658.57,-6.365.888.000.000.000,10.650.538.000.000.000
BATOK,2029,13052,8658.57,-6.365.888.000.000.000,10.650.538.000.000.000
BATU TULIS,2025,6960,3663.43,-6.572.075,10.655.066.499.999.900
BATU TULIS,2026,7100,4301.73,-6.572.075,10.655.066.499.999.900
BATU TULIS,2027,7242,4867.86,-6.572.075,10.655.066.499.999.900
BATU TULIS,2028,7387,4921.93,-6.572.075,10.655.066.499.999.900
BATU TULIS,2029,7534,4921.93,-6.572.075,10.655.066.499.999.900
BATUJAJAR,2025,8269,4357.57,-6.425.129,10.657.608.599.999.900
BATUJAJAR,2026,8315,5136.87,-6.425.129,10.657.608.599.999.900
BATUJAJAR,2027,8360,5789.45,-6.425.129,10.657.608.599.999.900
BATUJAJAR,2028,8406,5916.78,-6.425.129,10.657.608.599.999.900
BATUJAJAR,2029,8452,5916.78,-6.425.129,10.657.608.599.999.900
BATULAYANG,2025,10703,5052.26,-6.675.739,106.949.073
BATULAYANG,2026,10822,5959.74,-6.675.739,106.949.073
BATULAYANG,2027,10941,6692.37,-6.675.739,106.949.073
BATULAYANG,2028,11062,6914.41,-6.675.739,106.949.073
BATULAYANG,2029,11185,6914.41,-6.675.739,106.949.073
BENDUNGAN,2025,12136,3929.92,-64.900.400.000.000.000,107.083.473
BENDUNGAN,2026,14470,5627.26,-64.900.400.000.000.000,107.083.473
BENDUNGAN,2027,17252,5318.74,-64.900.400.000.000.000,107.083.473
BENDUNGAN,2028,20571,6866.55,-64.900.400.000.000.000,107.083.473
BENDUNGAN,2029,24527,6934.54,-64.900.400.000.000.000,107.083.473
BENTENG,2025,10282,5513.43,-6.554.942,10.669.616.300.000.000
BENTENG,2026,10487,6475.46,-6.554.942,10.669.616.300.000.000
BENTENG,2027,10697,7334.33,-6.554.942,10.669.616.300.000.000
BENTENG,2028,10911,7451.2,-6.554.942,10.669.616.300.000.000
BENTENG,2029,11129,7451.2,-6.554.942,10.669.616.300.000.000
BITUNGSARI,2025,7541,3748.64,-6.682.054.000.000.000,10.684.003.400.000.000
BITUNGSARI,2026,7575,4406.3,-6.682.054.000.000.000,10.684.003.400.000.000
BITUNGSARI,2027,7610,4975.03,-6.682.054.000.000.000,10.684.003.400.000.000
BITUNGSARI,2028,7645,5061.27,-6.682.054.000.000.000,10.684.003.400.000.000
BITUNGSARI,2029,7680,5061.27,-6.682.054.000.000.000,10.684.003.400.000.000
BOJONG,2025,12525,5092.03,-6.380.730.999.999.990,10.644.353.199.999.900
BOJONG,2026,13054,5660.94,-6.380.730.999.999.990,10.644.353.199.999.900
BOJONG,2027,13606,6577.0,-6.380.730.999.999.990,10.644.353.199.999.900
BOJONG,2028,14180,7441.22,-6.380.730.999.999.990,10.644.353.199.999.900
BOJONG,2029,14779,8665.21,-6.380.730.999.999.990,10.644.353.199.999.900
BOJONG KONENG,2025,17870,6865.11,-66.003.240.000.000.000,10.689.192.800.000.000
BOJONG KONENG,2026,18682,8124.42,-66.003.240.000.000.000,10.689.192.800.000.000
BOJONG KONENG,2027,19530,9077.02,-66.003.240.000.000.000,10.689.192.800.000.000
BOJONG KONENG,2028,20417,9498.89,-66.003.240.000.000.000,10.689.192.800.000.000
BOJONG KONENG,2029,21345,9498.89,-66.003.240.000.000.000,10.689.192.800.000.000
BOJONG KULUR,2025,55604,16774.11,-6.319.930.000.000.000,106.968.694
BOJONG KULUR,2026,60927,20047.04,-6.319.930.000.000.000,106.968.694
BOJONG KULUR,2027,66759,22663.1,-6.319.930.000.000.000,106.968.694
BOJONG KULUR,2028,73150,22854.45,-6.319.930.000.000.000,106.968.694
BOJONG KULUR,2029,80153,22854.45,-6.319.930.000.000.000,106.968.694
BOJONG MURNI,2025,5924,29062.1,-6.706.801.999.999.990,106.903.799
BOJONG MURNI,2026,5983,3412.11,-6.706.801.999.999.990,106.903.799
BOJONG MURNI,2027,6042,3852.57,-6.706.801.999.999.990,106.903.799
BOJONG MURNI,2028,6102,3852.57,-6.706.801.999.999.990,106.903.799
BOJONG MURNI,2029,6163,3852.57,-6.706.801.999.999.990,106.903.799
BOJONG NANGKA,2025,26640,12589.33,-6.428.864.999.999.990,106.924.055
BOJONG NANGKA,2026,27047,15179.02,-6.428.864.999.999.990,106.924.055
BOJONG NANGKA,2027,27459,16784.52,-6.428.864.999.999.990,106.924.055
BOJONG NANGKA,2028,27878,16784.52,-6.428.864.999.999.990,106.924.055
BOJONG NANGKA,2029,28303,16784.52,-6.428.864.999.999.990,106.924.055
BOJONGBARU,2025,20132,10211.78,-64.763.459.999.999.900,10.680.898.900.000.000
BOJONGBARU,2026,20173,12245.34,-64.763.459.999.999.900,10.680.898.900.000.000
BOJONGBARU,2027,20213,13723.99,-64.763.459.999.999.900,10.680.898.900.000.000
BOJONGBARU,2028,20254,13723.99,-64.763.459.999.999.900,10.680.898.900.000.000
BOJONGBARU,2029,20295,13723.99,-64.763.459.999.999.900,10.680.898.900.000.000
BOJONGGEDE,2025,53896,26398.93,-6.479.211.000.000.000,10.680.013.999.999.900
BOJONGGEDE,2026,54904,3216.76,-6.479.211.000.000.000,10.680.013.999.999.900
BOJONGGEDE,2027,55931,33693.18,-6.479.211.000.000.000,10.680.013.999.999.900
BOJONGGEDE,2028,56977,33693.18,-6.479.211.000.000.000,10.680.013.999.999.900
BOJONGGEDE,2029,58043,33693.18,-6.479.211.000.000.000,10.680.013.999.999.900
BOJONGINDAH,2025,11301,4314.29,-6.432.796.999.999.990,10.670.067.100.000.000
BOJONGINDAH,2026,11836,5053.6,-6.432.796.999.999.990,10.670.067.100.000.000
BOJONGINDAH,2027,12397,5627.17,-6.432.796.999.999.990,10.670.067.100.000.000
BOJONGINDAH,2028,12984,5936.13,-6.432.796.999.999.990,10.670.067.100.000.000
BOJONGINDAH,2029,13599,5936.13,-6.432.796.999.999.990,10.670.067.100.000.000
BOJONGJENGKOL,2025,9623,5078.16,-65.768.830.000.000.000,10.671.123.400.000.000
BOJONGJENGKOL,2026,9815,5982.42,-65.768.830.000.000.000,10.671.123.400.000.000
BOJONGJENGKOL,2027,10011,6746.84,-65.768.830.000.000.000,10.671.123.400.000.000
BOJONGJENGKOL,2028,10212,6900.65,-65.768.830.000.000.000,10.671.123.400.000.000
BOJONGJENGKOL,2029,10416,6900.65,-65.768.830.000.000.000,10.671.123.400.000.000
BOJONGRANGKAS,2025,14549,7095.33,-6.558.522.000.000.000,106.695.454
BOJONGRANGKAS,2026,14638,8422.64,-6.558.522.000.000.000,106.695.454
BOJONGRANGKAS,2027,14728,9535.19,-6.558.522.000.000.000,106.695.454
BOJONGRANGKAS,2028,14818,9676.91,-6.558.522.000.000.000,106.695.454
BOJONGRANGKAS,2029,14909,9676.91,-6.558.522.000.000.000,106.695.454
BOJONGSEMPU,2025,10687,4964.71,-64.478.019.999.999.900,10.670.429.899.999.900
BOJONGSEMPU,2026,10836,5848.61,-64.478.019.999.999.900,10.670.429.899.999.900
BOJONGSEMPU,2027,10987,6567.01,-64.478.019.999.999.900,10.670.429.899.999.900
BOJONGSEMPU,2028,11141,6790.23,-64.478.019.999.999.900,10.670.429.899.999.900
BOJONGSEMPU,2029,11296,6790.23,-64.478.019.999.999.900,10.670.429.899.999.900
BUANAJAYA,2025,6146,28849.3,-6.625.226.999.999.990,10.718.333.500.000.000
BUANAJAYA,2026,6252,3384.57,-6.625.226.999.999.990,10.718.333.500.000.000
BUANAJAYA,2027,6360,3829.07,-6.625.226.999.999.990,10.718.333.500.000.000
BUANAJAYA,2028,6469,3829.07,-6.625.226.999.999.990,10.718.333.500.000.000
BUANAJAYA,2029,6581,3829.07,-6.625.226.999.999.990,10.718.333.500.000.000
BUNAR,2025,9427,4565.24,-65.277.590.000.000.000,10.650.243.400.000.000
BUNAR,2026,9570,5342.29,-65.277.590.000.000.000,10.650.243.400.000.000
BUNAR,2027,9715,6032.1,-65.277.590.000.000.000,10.650.243.400.000.000
BUNAR,2028,9862,6173.43,-65.277.590.000.000.000,10.650.243.400.000.000
BUNAR,2029,10012,6173.43,-65.277.590.000.000.000,10.650.243.400.000.000
CADASNGAMPAR,2025,8413,3925.03,-65.277.590.000.000.000,10.650.243.400.000.000
CADASNGAMPAR,2026,8536,4610.68,-6.574.032,10.684.291.199.999.900
CADASNGAMPAR,2027,8661,5188.65,-6.574.032,10.684.291.199.999.900
CADASNGAMPAR,2028,8788,5326.23,-6.574.032,10.684.291.199.999.900
CADASNGAMPAR,2029,8916,5326.23,-6.574.032,10.684.291.199.999.900
CANDALI,2025,6426,2832.75,-6.507.951.999.999.990,106.699.451
CANDALI,2026,6609,3318.7,-6.507.951.999.999.990,106.699.451
CANDALI,2027,6797,3762.89,-6.507.951.999.999.990,106.699.451
CANDALI,2028,6990,3762.89,-6.507.951.999.999.990,106.699.451
CANDALI,2029,7189,3762.89,-6.507.951.999.999.990,106.699.451
CARINGIN,2025,11621,4956.91,-6.705.816.999.999.990,106.822.329
CARINGIN,2026,11959,5831.08,-6.705.816.999.999.990,106.822.329
CARINGIN,2027,12307,6523.33,-6.705.816.999.999.990,106.822.329
CARINGIN,2028,12665,6806.82,-6.705.816.999.999.990,106.822.329
CARINGIN,2029,13034,6806.82,-6.705.816.999.999.990,106.822.329
CARIU,2025,10506,5231.56,-65.027.479.999.999.900,107.132.892
CARIU,2026,10716,6165.91,-65.027.479.999.999.900,107.132.892
CARIU,2027,10930,6941.47,-65.027.479.999.999.900,107.132.892
CARIU,2028,11149,7132.47,-65.027.479.999.999.900,107.132.892
CARIU,2029,11372,7132.47,-65.027.479.999.999.900,107.132.892
CEMPLANG,2025,10550,4706.57,-6.574.966.000.000.000,10.666.066.400.000.000
CEMPLANG,2026,10767,5540.74,-6.574.966.000.000.000,10.666.066.400.000.000
CEMPLANG,2027,10988,6208.05,-6.574.966.000.000.000,10.666.066.400.000.000
CEMPLANG,2028,11213,6448.02,-6.574.966.000.000.000,10.666.066.400.000.000
CEMPLANG,2029,11444,6448.02,-6.574.966.000.000.000,10.666.066.400.000.000
CIADEG,2025,13028,5937.37,-6.712.832.000.000.000,10.680.898.900.000.000
CIADEG,2026,13281,7012.74,-6.712.832.000.000.000,10.680.898.900.000.000
CIADEG,2027,13539,7882.35,-6.712.832.000.000.000,10.680.898.900.000.000
CIADEG,2028,13802,8136.96,-6.712.832.000.000.000,10.680.898.900.000.000
CIADEG,2029,14070,8136.96,-6.712.832.000.000.000,10.680.898.900.000.000
CIAMPEA,2025,13566,7123.75,-65.549.149.999.999.900,106.695.906
CIAMPEA,2026,13837,8450.62,-65.549.149.999.999.900,106.695.906
CIAMPEA,2027,14114,9587.86,-65.549.149.999.999.900,106.695.906
CIAMPEA,2028,14396,9676.91,-65.549.149.999.999.900,106.695.906
CIAMPEA,2029,14684,9676.91,-65.549.149.999.999.900,106.695.906
CIAMPEA UDIK,2025,9380,4047.0,-6.612.926,10.668.366.199.999.900
CIAMPEA UDIK,2026,9645,4749.68,-6.612.926,10.668.366.199.999.900
CIAMPEA UDIK,2027,9917,5324.06,-6.612.926,10.668.366.199.999.900
CIAMPEA UDIK,2028,10197,5520.77,-6.612.926,10.668.366.199.999.900
CIAMPEA UDIK,2029,10485,5520.77,-6.612.926,10.668.366.199.999.900
CIANGSANA,2025,30348,13697.22,-6.358.637,106.956.521
CIANGSANA,2026,31069,16534.55,-6.358.637,106.956.521
CIANGSANA,2027,31807,18204.38,-6.358.637,106.956.521
CIANGSANA,2028,32563,18204.38,-6.358.637,106.956.521
CIANGSANA,2029,33336,18204.38,-6.358.637,106.956.521
CIAPUS,2025,12734,6346.91,-6.596.506,10.675.000.299.999.900
CIAPUS,2026,12988,7508.26,-6.596.506,10.675.000.299.999.900
CIAPUS,2027,13248,8477.5,-6.596.506,10.675.000.299.999.900
CIAPUS,2028,13513,8655.78,-6.596.506,10.675.000.299.999.900
CIAPUS,2029,13783,8655.78,-6.596.506,10.675.000.299.999.900
CIARUTEUN ILIR,2025,14146,6487.72,-6.542.567,106.673.344
CIARUTEUN ILIR,2026,14370,7680.42,-6.542.567,106.673.344
CIARUTEUN ILIR,2027,14597,8651.09,-6.542.567,106.673.344
CIARUTEUN ILIR,2028,14828,8886.22,-6.542.567,106.673.344
CIARUTEUN ILIR,2029,15063,8886.22,-6.542.567,106.673.344
CIARUTEUN UDIK,2025,7885,3540.05,-66.042.760.000.000.000,106.673.344
CIARUTEUN UDIK,2026,8069,4144.54,-66.042.760.000.000.000,106.673.344
CIARUTEUN UDIK,2027,8257,4675.1,-66.042.760.000.000.000,106.673.344
CIARUTEUN UDIK,2028,8449,4772.89,-66.042.760.000.000.000,106.673.344
CIARUTEUN UDIK,2029,8646,4772.89,-66.042.760.000.000.000,106.673.344
CIASIHAN,2025,11553,5769.41,-6.727.468.999.999.990,10.668.513.599.999.900
CIASIHAN,2026,11575,6821.09,-6.727.468.999.999.990,10.668.513.599.999.900
CIASIHAN,2027,11598,7689.53,-6.727.468.999.999.990,10.668.513.599.999.900
CIASIHAN,2028,11620,7877.55,-6.727.468.999.999.990,10.668.513.599.999.900
CIASIHAN,2029,11643,7877.55,-6.727.468.999.999.990,10.668.513.599.999.900
CIASMARA,2025,9629,4498.65,-672.025,10.667.039.600.000.000
CIASMARA,2026,9757,5293.21,-672.025,10.667.039.600.000.000
CIASMARA,2027,9887,5945.71,-672.025,10.667.039.600.000.000
CIASMARA,2028,10019,6137.61,-672.025,10.667.039.600.000.000
CIASMARA,2029,10152,6137.61,-672.025,10.667.039.600.000.000
CIAWI,2025,8064,4178.43,-6.663.034.000.000.000,10.685.620.699.999.900
CIAWI,2026,8225,4911.6,-6.663.034.000.000.000,10.685.620.699.999.900
CIAWI,2027,8390,5540.17,-6.663.034.000.000.000,10.685.620.699.999.900
CIAWI,2028,8558,5654.64,-6.663.034.000.000.000,10.685.620.699.999.900
CIAWI,2029,8729,5654.64,-6.663.034.000.000.000,10.685.620.699.999.900
CIBADAK,2025,6589,4128.34,-6.569.840.999.999.990,10.695.523
CIBADAK,2026,8140,26912.0,-6.569.840.999.999.990,10.695.523
CIBADAK,2027,10056,4773.76,-6.569.840.999.999.990,10.695.523
CIBADAK,2028,12422,3962.0,-6.569.840.999.999.990,10.695.523
CIBADAK,2029,15346,5386.93,-6.569.840.999.999.990,10.695.523
CIBADUNG,2025,9008,4549.87,-63.989.329.999.999.900,106.674.411
CIBADUNG,2026,9043,5361.25,-63.989.329.999.999.900,106.674.411
CIBADUNG,2027,9077,6036.62,-63.989.329.999.999.900,106.674.411
CIBADUNG,2028,9112,6191.37,-63.989.329.999.999.900,106.674.411
CIBADUNG,2029,9146,6191.37,-63.989.329.999.999.900,106.674.411
CIBALUNG,2025,10026,4832.13,-66.870.790.000.000.000,10.680.898.900.000.000
CIBALUNG,2026,10112,5687.22,-66.870.790.000.000.000,10.680.898.900.000.000
CIBALUNG,2027,10198,6399.15,-66.870.790.000.000.000,10.680.898.900.000.000
CIBALUNG,2028,10284,6586.02,-66.870.790.000.000.000,10.680.898.900.000.000
CIBALUNG,2029,10372,6586.02,-66.870.790.000.000.000,10.680.898.900.000.000
CIBANON,2025,5845,2650.95,-6.633.930.000.000.000,106.850.157
CIBANON,2026,5989,3107.07,-6.633.930.000.000.000,106.850.157
CIBANON,2027,6137,3491.01,-6.633.930.000.000.000,106.850.157
CIBANON,2028,6289,3491.01,-6.633.930.000.000.000,106.850.157
CIBANON,2029,6444,3491.01,-6.633.930.000.000.000,106.850.157
CIBANTENG,2025,17646,8867.72,-655.547,106.710.212
CIBANTENG,2026,17999,10576.35,-655.547,106.710.212
CIBANTENG,2027,18359,11988.16,-655.547,106.710.212
CIBANTENG,2028,18726,11988.16,-655.547,106.710.212
CIBANTENG,2029,19101,11988.16,-655.547,106.710.212
CIBATOK I,2025,9969,4256.82,-6.580.093.000.000.000,106.665.974
CIBATOK I,2026,10263,4996.76,-6.580.093.000.000.000,106.665.974
CIBATOK I,2027,10565,5595.15,-6.580.093.000.000.000,106.665.974
CIBATOK I,2028,10876,5820.21,-6.580.093.000.000.000,106.665.974
CIBATOK I,2029,11196,5820.21,-6.580.093.000.000.000,106.665.974
CIBATOK II,2025,7448,3939.56,-65.798.820.000.000.000,106.665.406
CIBATOK II,2026,7597,4628.62,-65.798.820.000.000.000,106.665.406
CIBATOK II,2027,7749,5229.55,-65.798.820.000.000.000,106.665.406
CIBATOK II,2028,7904,5312.44,-65.798.820.000.000.000,106.665.406
CIBATOK II,2029,8062,5312.44,-65.798.820.000.000.000,106.665.406
CIBATUTIGA,2025,5146,19179.8,-65.396.730.000.000.000,10.713.072.900.000.000
CIBATUTIGA,2026,5557,22401.1,-65.396.730.000.000.000,10.713.072.900.000.000
CIBATUTIGA,2027,6000,2429.94,-65.396.730.000.000.000,10.713.072.900.000.000
CIBATUTIGA,2028,6478,2429.94,-65.396.730.000.000.000,10.713.072.900.000.000
CIBATUTIGA,2029,6995,2429.94,-65.396.730.000.000.000,10.713.072.900.000.000
CIBEBER I,2025,14381,6415.61,-6.570.074.000.000.000,106.620.289
CIBEBER I,2026,14877,7580.07,-6.570.074.000.000.000,106.620.289
CIBEBER I,2027,15389,8524.74,-6.570.074.000.000.000,106.620.289
CIBEBER I,2028,15920,8791.03,-6.570.074.000.000.000,106.620.289
CIBEBER I,2029,16468,8791.03,-6.570.074.000.000.000,106.620.289
CIBEBER II,2025,9696,4674.54,-6.601.143,10.661.439.399.999.900
CIBEBER II,2026,9785,5494.76,-6.601.143,10.661.439.399.999.900
CIBEBER II,2027,9875,6186.38,-6.601.143,10.661.439.399.999.900
CIBEBER II,2028,9966,6359.73,-6.601.143,10.661.439.399.999.900
CIBEBER II,2029,10058,6359.73,-6.601.143,10.661.439.399.999.900
CIBEDUG,2025,7969,3788.62,-6.709.833.999.999.990,10.689.143.900.000.000
CIBEDUG,2026,8063,4450.37,-6.709.833.999.999.990,10.689.143.900.000.000
CIBEDUG,2027,8158,5015.72,-6.709.833.999.999.990,10.689.143.900.000.000
CIBEDUG,2028,8255,5127.56,-6.709.833.999.999.990,10.689.143.900.000.000
CIBEDUG,2029,8352,5127.56,-6.709.833.999.999.990,10.689.143.900.000.000
CIBENING,2025,15949,7559.93,-6.629.804.000.000.000,10.667.923.999.999.900
CIBENING,2026,16125,8984.1,-6.629.804.000.000.000,10.667.923.999.999.900
CIBENING,2027,16304,10182.97,-6.629.804.000.000.000,10.667.923.999.999.900
CIBENING,2028,16485,10307.51,-6.629.804.000.000.000,10.667.923.999.999.900
CIBENING,2029,16667,10307.51,-6.629.804.000.000.000,10.667.923.999.999.900
CIBENTANG,2025,11064,5593.69,-6.439.856.999.999.990,106.673.344
CIBENTANG,2026,11064,6610.66,-6.439.856.999.999.990,106.673.344
CIBENTANG,2027,11064,7452.08,-6.439.856.999.999.990,106.673.344
CIBENTANG,2028,11064,7633.34,-6.439.856.999.999.990,106.673.344
CIBENTANG,2029,11064,7633.34,-6.439.856.999.999.990,106.673.344
CIBEUREUM,2025,17223,7959.75,-6.723.286.999.999.990,10.695.061.700.000.000
CIBEUREUM,2026,17498,9467.44,-6.723.286.999.999.990,10.695.061.700.000.000
CIBEUREUM,2027,17777,10742.01,-6.723.286.999.999.990,10.695.061.700.000.000
CIBEUREUM,2028,18061,10848.41,-6.723.286.999.999.990,10.695.061.700.000.000
CIBEUREUM,2029,18349,10848.41,-6.723.286.999.999.990,10.695.061.700.000.000
CIBEUTEUNG MUARA,2025,13367,6487.99,-6.445.234.999.999.990,106.661.772
CIBEUTEUNG MUARA,2026,13467,7685.33,-6.445.234.999.999.990,106.661.772
CIBEUTEUNG MUARA,2027,13567,8676.16,-6.445.234.999.999.990,106.661.772
CIBEUTEUNG MUARA,2028,13669,8862.76,-6.445.234.999.999.990,106.661.772
CIBEUTEUNG MUARA,2029,13771,8862.76,-6.445.234.999.999.990,106.661.772
CIBEUTEUNG UDIK,2025,11120,5380.95,-6.485.384.000.000.000,106.691.003
CIBEUTEUNG UDIK,2026,11320,6346.16,-6.485.384.000.000.000,106.691.003
CIBEUTEUNG UDIK,2027,11523,7138.72,-6.485.384.000.000.000,106.691.003
CIBEUTEUNG UDIK,2028,11730,7350.47,-6.485.384.000.000.000,106.691.003
CIBEUTEUNG UDIK,2029,11941,7350.47,-6.485.384.000.000.000,106.691.003
CIBINONG,2025,14712,5641.62,-6.483.289.999.999.990,10.685.105.100.000.000
CIBINONG,2026,15459,6633.15,-6.483.289.999.999.990,10.685.105.100.000.000
CIBINONG,2027,16243,7388.83,-6.483.289.999.999.990,10.685.105.100.000.000
CIBINONG,2028,17067,7796.16,-6.483.289.999.999.990,10.685.105.100.000.000
CIBINONG,2029,17933,7796.16,-6.483.289.999.999.990,10.685.105.100.000.000
CIBITUNG KULON,2025,8279,3620.7,-6.662.116,10.663.797.300.000.000
CIBITUNG KULON,2026,8492,4247.55,-6.662.116,10.663.797.300.000.000
CIBITUNG KULON,2027,8710,4775.42,-6.662.116,10.663.797.300.000.000
CIBITUNG KULON,2028,8934,4909.5,-6.662.116,10.663.797.300.000.000
CIBITUNG KULON,2029,9163,4909.5,-6.662.116,10.663.797.300.000.000
CIBITUNG TENGAH,2025,11877,5660.73,-66.193.219.999.999.900,10.669.103.199.999.900
CIBITUNG TENGAH,2026,11990,6687.71,-66.193.219.999.999.900,10.669.103.199.999.900
CIBITUNG TENGAH,2027,12104,7523.09,-66.193.219.999.999.900,10.669.103.199.999.900
CIBITUNG TENGAH,2028,12218,7746.48,-66.193.219.999.999.900,10.669.103.199.999.900
CIBITUNG TENGAH,2029,12334,7746.48,-66.193.219.999.999.900,10.669.103.199.999.900
CIBITUNGWETAN,2025,7555,3858.31,-6.646.724.000.000.000,106.637.959
CIBITUNGWETAN,2026,7558,4542.56,-6.646.724.000.000.000,106.637.959
CIBITUNGWETAN,2027,7562,5126.27,-6.646.724.000.000.000,106.637.959
CIBITUNGWETAN,2028,7565,5218.64,-6.646.724.000.000.000,106.637.959
CIBITUNGWETAN,2029,7568,5218.64,-6.646.724.000.000.000,106.637.959
CIBODAS,2025,15964,23472.7,-6.513.401.999.999.990,107.000.799
CIBODAS,2026,19290,24095.2,-6.513.401.999.999.990,107.000.799
CIBODAS,2027,23308,26030.6,-6.513.401.999.999.990,107.000.799
CIBODAS,2028,28163,2565.75,-6.513.401.999.999.990,107.000.799
CIBODAS,2029,34029,25386.4,-6.513.401.999.999.990,107.000.799
CIBUNAR,2025,16293,7614.63,-6.342.371.999.999.990,106.549.191
CIBUNAR,2026,16618,9099.55,-6.342.371.999.999.990,106.549.191
CIBUNAR,2027,16949,10265.22,-6.342.371.999.999.990,106.549.191
CIBUNAR,2028,17287,10460.67,-6.342.371.999.999.990,106.549.191
CIBUNAR,2029,17632,10460.67,-6.342.371.999.999.990,106.549.191
CIBUNIAN,2025,12993,6568.06,-6.711.578,10.662.323.599.999.900
CIBUNIAN,2026,13253,7775.92,-6.711.578,10.662.323.599.999.900
CIBUNIAN,2027,13518,8791.19,-6.711.578,10.662.323.599.999.900
CIBUNIAN,2028,13788,8948.33,-6.711.578,10.662.323.599.999.900
CIBUNIAN,2029,14064,8948.33,-6.711.578,10.662.323.599.999.900
CIBUNTU,2025,9469,4792.73,-6.593.584,10.668.513.599.999.900
CIBUNTU,2026,9472,5652.7,-6.593.584,10.668.513.599.999.900
CIBUNTU,2027,9475,6364.32,-6.593.584,10.668.513.599.999.900
CIBUNTU,2028,9478,6530.85,-6.593.584,10.668.513.599.999.900
CIBUNTU,2029,9481,6530.85,-6.593.584,10.668.513.599.999.900
CIBURAYUT,2025,13866,6943.79,-671.984,10.679.276.599.999.900
CIBURAYUT,2026,14143,8230.69,-671.984,10.679.276.599.999.900
CIBURAYUT,2027,14426,9317.57,-671.984,10.679.276.599.999.900
CIBURAYUT,2028,14715,9456.12,-671.984,10.679.276.599.999.900
CIBURAYUT,2029,15009,9456.12,-671.984,10.679.276.599.999.900
CIBURUY,2025,13653,6910.92,-6.733.567.000.000.000,106.809.005
CIBURUY,2026,13654,8202.75,-6.733.567.000.000.000,106.809.005
CIBURUY,2027,13655,9290.32,-6.733.567.000.000.000,106.809.005
CIBURUY,2028,13656,9416.09,-6.733.567.000.000.000,106.809.005
CIBURUY,2029,13657,9416.09,-6.733.567.000.000.000,106.809.005
CICADAS,2025,20765,20483.47,-6.432.027.000.000.000,10.692.833.300.000.000
CICADAS,2026,30980,11463.19,-6.432.027.000.000.000,10.692.833.300.000.000
CICADAS,2027,46221,25339.56,-6.432.027.000.000.000,10.692.833.300.000.000
CICADAS,2028,68960,18639.15,-6.432.027.000.000.000,10.692.833.300.000.000
CICADAS,2029,102884,25339.56,-6.432.027.000.000.000,10.692.833.300.000.000
CIDERUM,2025,15574,7549.51,-6.695.950.000.000.000,106.850.201
CIDERUM,2026,15689,8974.32,-6.695.950.000.000.000,106.850.201
CIDERUM,2027,15804,10179.76,-6.695.950.000.000.000,106.850.201
CIDERUM,2028,15921,10284.01,-6.695.950.000.000.000,106.850.201
CIDERUM,2029,16038,10284.01,-6.695.950.000.000.000,106.850.201
CIDOKOM,2025,10982,4245.46,-6.524.680.000.000.000,10.667.039.600.000.000
CIDOKOM,2026,11600,4539.15,-6.524.680.000.000.000,10.667.039.600.000.000
CIDOKOM,2027,12254,5177.22,-6.524.680.000.000.000,10.667.039.600.000.000
CIDOKOM,2028,12944,5177.22,-6.524.680.000.000.000,10.667.039.600.000.000
CIDOKOM,2029,13673,5177.22,-6.524.680.000.000.000,10.667.039.600.000.000
CIGOMBONG,2025,10019,4625.99,-6.736.269.999.999.990,106.819.672
CIGOMBONG,2026,10175,5457.78,-6.736.269.999.999.990,106.819.672
CIGOMBONG,2027,10333,6115.51,-6.736.269.999.999.990,106.819.672
CIGOMBONG,2028,10493,6340.4,-6.736.269.999.999.990,106.819.672
CIGOMBONG,2029,10656,6340.4,-6.736.269.999.999.990,106.819.672
CIGUDEG,2025,16340,7550.75,-6.430.513,106.576.459
CIGUDEG,2026,16606,8968.72,-6.430.513,106.576.459
CIGUDEG,2027,16876,10154.92,-6.430.513,106.576.459
CIGUDEG,2028,17151,10306.09,-6.430.513,106.576.459
CIGUDEG,2029,17430,10306.09,-6.430.513,106.576.459
CIHERANG,2025,18234,8346.8,-6.587.230.000.000.000,10.675.028.300.000.000
CIHERANG,2026,18548,9938.58,-6.587.230.000.000.000,10.675.028.300.000.000
CIHERANG,2027,18866,11295.57,-6.587.230.000.000.000,10.675.028.300.000.000
CIHERANG,2028,19191,11363.07,-6.587.230.000.000.000,10.675.028.300.000.000
CIHERANG,2029,19521,11363.07,-6.587.230.000.000.000,10.675.028.300.000.000
CIHERANG PONDOK,2025,15885,4883.03,-66.896.569.999.999.900,10.683.201.599.999.900
CIHERANG PONDOK,2026,17301,5691.36,-66.896.569.999.999.900,10.683.201.599.999.900
CIHERANG PONDOK,2027,18842,6241.34,-66.896.569.999.999.900,10.683.201.599.999.900
CIHERANG PONDOK,2028,20521,6828.9,-66.896.569.999.999.900,10.683.201.599.999.900
CIHERANG PONDOK,2029,22349,6828.9,-66.896.569.999.999.900,10.683.201.599.999.900
CIHIDEUNGHILIR,2025,11158,5493.41,-6.570.469,10.672.198.999.999.900
CIHIDEUNGHILIR,2026,11225,6490.07,-6.570.469,10.672.198.999.999.900
CIHIDEUNGHILIR,2027,11292,7305.22,-6.570.469,10.672.198.999.999.900
CIHIDEUNGHILIR,2028,11359,7507.77,-6.570.469,10.672.198.999.999.900
CIHIDEUNGHILIR,2029,11427,7507.77,-6.570.469,10.672.198.999.999.900
CIHIDEUNGUDIK,2025,17515,8097.52,-6.583.542,10.671.877.300.000.000
CIHIDEUNGUDIK,2026,17789,9634.01,-6.583.542,10.671.877.300.000.000
CIHIDEUNGUDIK,2027,18066,10940.57,-6.583.542,10.671.877.300.000.000
CIHIDEUNGUDIK,2028,18348,11027.73,-6.583.542,10.671.877.300.000.000
CIHIDEUNGUDIK,2029,18635,11027.73,-6.583.542,10.671.877.300.000.000
CIHOE,2025,6373,3485.32,-6.430.542,10.668.366
CIHOE,2026,6500,4092.01,-6.430.542,10.668.366
CIHOE,2027,6630,4642.74,-6.430.542,10.668.366
CIHOE,2028,6763,4659.75,-6.430.542,10.668.366
CIHOE,2029,6898,4659.75,-6.430.542,10.668.366
CIJAYANTI,2025,18604,8785.88,-6.590.110.000.000.000,106.865.756
CIJAYANTI,2026,18836,10490.72,-6.590.110.000.000.000,106.865.756
CIJAYANTI,2027,19071,11935.72,-6.590.110.000.000.000,106.865.756
CIJAYANTI,2028,19309,11935.72,-6.590.110.000.000.000,106.865.756
CIJAYANTI,2029,19551,11935.72,-6.590.110.000.000.000,106.865.756
CIJERUK,2025,12626,4603.44,-6.681.490.999.999.990,10.679.706.000.000.000
CIJERUK,2026,13326,5390.47,-6.681.490.999.999.990,10.679.706.000.000.000
CIJERUK,2027,14065,5983.55,-6.681.490.999.999.990,10.679.706.000.000.000
CIJERUK,2028,14845,6362.47,-6.681.490.999.999.990,10.679.706.000.000.000
CIJERUK,2029,15669,6362.47,-6.681.490.999.999.990,10.679.706.000.000.000
CIJUJUNG,2025,12936,14543.66,-6.681.490.999.999.990,10.679.706.000.000.000
CIJUJUNG,2026,15618,9401.27,-653.675,106.833.357
CIJUJUNG,2027,18857,18153.71,-653.675,106.833.357
CIJUJUNG,2028,22768,15035.62,-653.675,106.833.357
CIJUJUNG,2029,27489,18302.34,-653.675,106.833.357
CIKAHURIPAN,2025,18702,7429.86,-64.553.460.000.000.000,106.974.231
CIKAHURIPAN,2026,19450,8798.0,-64.553.460.000.000.000,106.974.231
CIKAHURIPAN,2027,20229,9886.72,-64.553.460.000.000.000,106.974.231
CIKAHURIPAN,2028,21038,10220.55,-64.553.460.000.000.000,106.974.231
CIKAHURIPAN,2029,21881,10220.55,-64.553.460.000.000.000,106.974.231
CIKARAWANG,2025,9973,4892.68,-65.457.030.000.000.000,10.673.231.000.000.000
CIKARAWANG,2026,10024,5767.17,-65.457.030.000.000.000,10.673.231.000.000.000
CIKARAWANG,2027,10075,6488.48,-65.457.030.000.000.000,10.673.231.000.000.000
CIKARAWANG,2028,10127,6674.34,-65.457.030.000.000.000,10.673.231.000.000.000
CIKARAWANG,2029,10178,6674.34,-65.457.030.000.000.000,10.673.231.000.000.000
CIKEAS,2025,12506,6055.44,-6.593.253,10.684.438.800.000.000
CIKEAS,2026,12593,7162.93,-6.593.253,10.684.438.800.000.000
CIKEAS,2027,12681,8073.09,-6.593.253,10.684.438.800.000.000
CIKEAS,2028,12769,8277.74,-6.593.253,10.684.438.800.000.000
CIKEAS,2029,12858,8277.74,-6.593.253,10.684.438.800.000.000
CIKEAS UDIK,2025,25665,8407.38,-6.405.431.999.999.990,10.693.546.599.999.900
CIKEAS UDIK,2026,27733,9928.31,-6.405.431.999.999.990,10.693.546.599.999.900
CIKEAS UDIK,2027,29967,11058.29,-6.405.431.999.999.990,10.693.546.599.999.900
CIKEAS UDIK,2028,32381,11661.12,-6.405.431.999.999.990,10.693.546.599.999.900
CIKEAS UDIK,2029,34989,11661.12,-6.405.431.999.999.990,10.693.546.599.999.900
CIKOPOMAYAK,2025,7533,3162.73,-64.467,10.646.709.099.999.900
CIKOPOMAYAK,2026,7793,3702.94,-64.467,10.646.709.099.999.900
CIKOPOMAYAK,2027,8061,4176.81,-64.467,10.646.709.099.999.900
CIKOPOMAYAK,2028,8339,4254.11,-64.467,10.646.709.099.999.900
CIKOPOMAYAK,2029,8627,4254.11,-64.467,10.646.709.099.999.900
CIKUDA,2025,10501,4605.19,-6.376.106,10.658.482.800.000.000
CIKUDA,2026,10750,5414.02,-6.376.106,10.658.482.800.000.000
CIKUDA,2027,11005,6065.43,-6.376.106,10.658.482.800.000.000
CIKUDA,2028,11266,6304.53,-6.376.106,10.658.482.800.000.000
CIKUDA,2029,11533,6304.53,-6.376.106,10.658.482.800.000.000
CIKUTAMAHI,2025,4883,24818.1,-6.548.692,10.716.617.699.999.900
CIKUTAMAHI,2026,4921,29143.7,-6.548.692,10.716.617.699.999.900
CIKUTAMAHI,2027,4961,3224.72,-6.548.692,10.716.617.699.999.900
CIKUTAMAHI,2028,5000,3224.72,-6.548.692,10.716.617.699.999.900
CIKUTAMAHI,2029,5040,3224.72,-6.548.692,10.716.617.699.999.900
CILAKU,2025,6726,4096.45,-633.629,10.646.774.300.000.000
CILAKU,2026,6860,4817.01,-633.629,10.646.774.300.000.000
CILAKU,2027,6998,5459.66,-633.629,10.646.774.300.000.000
CILAKU,2028,7138,5501.43,-633.629,10.646.774.300.000.000
CILAKU,2029,7280,5501.43,-633.629,10.646.774.300.000.000
CILEBUT BARAT,2025,39296,13036.59,-6.530.184,10.679.746.800.000.000
CILEBUT BARAT,2026,42382,15573.86,-6.530.184,10.679.746.800.000.000
CILEBUT BARAT,2027,45711,17711.9,-6.530.184,10.679.746.800.000.000
CILEBUT BARAT,2028,49301,17746.28,-6.530.184,10.679.746.800.000.000
CILEBUT BARAT,2029,53173,17746.28,-6.530.184,10.679.746.800.000.000
CILEBUT TIMUR,2025,18067,8956.58,-6.526.695.999.999.990,10.680.165.400.000.000
CILEBUT TIMUR,2026,18176,10696.43,-6.526.695.999.999.990,10.680.165.400.000.000
CILEBUT TIMUR,2027,18286,12119.24,-6.526.695.999.999.990,10.680.165.400.000.000
CILEBUT TIMUR,2028,18396,12119.24,-6.526.695.999.999.990,10.680.165.400.000.000
CILEBUT TIMUR,2029,18507,12119.24,-6.526.695.999.999.990,10.680.165.400.000.000
CILEMBER,2025,10088,4974.18,-6.651.445,10.691.958.900.000.000
CILEMBER,2026,10133,5864.99,-6.651.445,10.691.958.900.000.000
CILEMBER,2027,10179,6599.86,-6.651.445,10.691.958.900.000.000
CILEMBER,2028,10225,6786.09,-6.651.445,10.691.958.900.000.000
CILEMBER,2029,10272,6786.09,-6.651.445,10.691.958.900.000.000
CILEUKSA,2025,9579,4151.4,-659.362,10.644.736.699.999.900
CILEUKSA,2026,9832,4873.42,-659.362,10.644.736.699.999.900
CILEUKSA,2027,10093,5462.36,-659.362,10.644.736.699.999.900
CILEUKSA,2028,10360,5667.05,-659.362,10.644.736.699.999.900
CILEUKSA,2029,10634,5667.05,-659.362,10.644.736.699.999.900
CILEUNGSI,2025,14441,12775.75,-6.402.271.999.999.990,106.970.494
CILEUNGSI,2026,21292,7459.69,-6.402.271.999.999.990,106.970.494
CILEUNGSI,2027,31393,15233.26,-6.402.271.999.999.990,106.970.494
CILEUNGSI,2028,46287,11444.69,-6.402.271.999.999.990,106.970.494
CILEUNGSI,2029,68248,16512.66,-6.402.271.999.999.990,106.970.494
CILEUNGSI KIDUL,2025,37952,7737.22,-640.719,10.697.332.899.999.900
CILEUNGSI KIDUL,2026,45198,8850.3,-640.719,10.697.332.899.999.900
CILEUNGSI KIDUL,2027,53827,9126.5,-640.719,10.697.332.899.999.900
CILEUNGSI KIDUL,2028,64103,9972.36,-640.719,10.697.332.899.999.900
CILEUNGSI KIDUL,2029,76342,9881.64,-640.719,10.697.332.899.999.900
CIMANDALA,2025,29912,14628.86,-6.535.086,106.821.234
CIMANDALA,2026,30263,17765.1,-6.535.086,106.821.234
CIMANDALA,2027,30617,19345.5,-6.535.086,106.821.234
CIMANDALA,2028,30976,19345.5,-6.535.086,106.821.234
CIMANDALA,2029,31339,19345.5,-6.535.086,106.821.234
CIMANDE,2025,8581,3616.68,-6.745.932.999.999.990,10.689.659.300.000.000
CIMANDE,2026,9007,4238.08,-6.745.932.999.999.990,10.689.659.300.000.000
CIMANDE,2027,9456,4752.21,-6.745.932.999.999.990,10.689.659.300.000.000
CIMANDE,2028,9926,4913.65,-6.745.932.999.999.990,10.689.659.300.000.000
CIMANDE,2029,10420,4913.65,-6.745.932.999.999.990,10.689.659.300.000.000
CIMANDE HILIR,2025,9868,4977.44,-67.006.749.999.999.900,106.825.212
CIMANDE HILIR,2026,9905,5867.62,-67.006.749.999.999.900,106.825.212
CIMANDE HILIR,2027,9943,6609.24,-67.006.749.999.999.900,106.825.212
CIMANDE HILIR,2028,9981,6780.6,-67.006.749.999.999.900,106.825.212
CIMANDE HILIR,2029,10019,6780.6,-67.006.749.999.999.900,106.825.212
CIMANGGIS,2025,23367,9813.76,-6.479.211.000.000.000,10.680.013.999.999.900
CIMANGGIS,2026,24116,11752.72,-6.479.211.000.000.000,10.680.013.999.999.900
CIMANGGIS,2027,24888,13374.9,-6.479.211.000.000.000,10.680.013.999.999.900
CIMANGGIS,2028,25685,13374.9,-6.479.211.000.000.000,10.680.013.999.999.900
CIMANGGIS,2029,26508,13374.9,-6.479.211.000.000.000,10.680.013.999.999.900
CIMANGGU I,2025,9688,5005.23,-6.562.094.999.999.990,106.665.975
CIMANGGU I,2026,9882,5896.01,-6.562.094.999.999.990,106.665.975
CIMANGGU I,2027,10079,6643.8,-6.562.094.999.999.990,106.665.975
CIMANGGU I,2028,10281,6808.17,-6.562.094.999.999.990,106.665.975
CIMANGGU I,2029,10487,6808.17,-6.562.094.999.999.990,106.665.975
CIMANGGU II,2025,9463,4449.75,-6.570.008,106.660.079
CIMANGGU II,2026,9579,5239.18,-6.570.008,106.660.079
CIMANGGU II,2027,9697,5883.94,-6.570.008,106.660.079
CIMANGGU II,2028,9817,6072.75,-6.570.008,106.660.079
CIMANGGU II,2029,9937,6072.75,-6.570.008,106.660.079
CIMAYANG,2025,7262,3523.04,-6.610.960.000.000.000,106.665.975
CIMAYANG,2026,7329,4142.19,-6.610.960.000.000.000,106.665.975
CIMAYANG,2027,7396,4677.23,-6.610.960.000.000.000,106.665.975
CIMAYANG,2028,7464,4750.83,-6.610.960.000.000.000,106.665.975
CIMAYANG,2029,7533,4750.83,-6.610.960.000.000.000,106.665.975
CIMULANG,2025,6877,3467.05,-6.520.427,106.714.517
CIMULANG,2026,7014,4069.03,-6.520.427,106.714.517
CIMULANG,2027,7155,4605.96,-6.520.427,106.714.517
CIMULANG,2028,7298,4651.48,-6.520.427,106.714.517
CIMULANG,2029,7444,4651.48,-6.520.427,106.714.517
CINAGARA,2025,13221,4378.2,-6.751.545.999.999.990,10.686.178.599.999.900
CINAGARA,2026,14178,5124.17,-6.751.545.999.999.990,10.686.178.599.999.900
CINAGARA,2027,15205,5644.4,-6.751.545.999.999.990,10.686.178.599.999.900
CINAGARA,2028,16306,6098.94,-6.751.545.999.999.990,10.686.178.599.999.900
CINAGARA,2029,17487,6098.94,-6.751.545.999.999.990,10.686.178.599.999.900
CINANGKA,2025,14645,7561.22,-6.593.115,106.696.927
CINANGKA,2026,14938,8981.27,-6.593.115,106.696.927
CINANGKA,2027,15237,10206.95,-6.593.115,106.696.927
CINANGKA,2028,15542,10263.33,-6.593.115,106.696.927
CINANGKA,2029,15852,10263.33,-6.593.115,106.696.927
CINANGNENG,2025,10943,4497.84,-6.605.695,10.670.928.199.999.900
CINANGNENG,2026,11328,5304.73,-6.605.695,10.670.928.199.999.900
CINANGNENG,2027,11727,5906.19,-6.605.695,10.670.928.199.999.900
CINANGNENG,2028,12141,6210.7,-6.605.695,10.670.928.199.999.900
CINANGNENG,2029,12569,6210.7,-6.605.695,10.670.928.199.999.900
CINTAMANIK,2025,14316,5973.97,-6.488.419,10.652.909.700.000.000
CINTAMANIK,2026,14774,7049.45,-6.488.419,10.652.909.700.000.000
CINTAMANIK,2027,15246,7892.46,-6.488.419,10.652.909.700.000.000
CINTAMANIK,2028,15734,8225.31,-6.488.419,10.652.909.700.000.000
CINTAMANIK,2029,16238,8225.31,-6.488.419,10.652.909.700.000.000
CIOMAS,2025,20014,3920.12,-6.416.421,10.652.894.599.999.900
CIOMAS,2026,29821,6390.84,-6.416.421,10.652.894.599.999.900
CIOMAS,2027,44434,4919.27,-6.416.421,10.652.894.599.999.900
CIOMAS,2028,66207,6329.55,-6.416.421,10.652.894.599.999.900
CIOMAS,2029,98649,3900.77,-6.416.421,10.652.894.599.999.900
CIOMAS RAHAYU,2025,12687,6436.36,-6.599.681.999.999.990,10.676.915.199.999.900
CIOMAS RAHAYU,2026,12940,7617.34,-6.599.681.999.999.990,10.676.915.199.999.900
CIOMAS RAHAYU,2027,13199,8607.91,-6.599.681.999.999.990,10.676.915.199.999.900
CIOMAS RAHAYU,2028,13463,8770.35,-6.599.681.999.999.990,10.676.915.199.999.900
CIOMAS RAHAYU,2029,13733,8770.35,-6.599.681.999.999.990,10.676.915.199.999.900
CIPAMBUAN,2025,5795,28954.7,-6.562.420.999.999.990,10.684.438.800.000.000
CIPAMBUAN,2026,5839,3403.48,-6.562.420.999.999.990,10.684.438.800.000.000
CIPAMBUAN,2027,5882,3838.76,-6.562.420.999.999.990,10.684.438.800.000.000
CIPAMBUAN,2028,5926,3838.76,-6.562.420.999.999.990,10.684.438.800.000.000
CIPAMBUAN,2029,5971,3838.76,-6.562.420.999.999.990,10.684.438.800.000.000
CIPAYUNG DATAR,2025,14772,7626.99,-6.651.145.999.999.990,106.882.775
CIPAYUNG DATAR,2026,15067,9059.41,-6.651.145.999.999.990,106.882.775
CIPAYUNG DATAR,2027,15368,10300.73,-6.651.145.999.999.990,106.882.775
CIPAYUNG DATAR,2028,15676,10347.51,-6.651.145.999.999.990,106.882.775
CIPAYUNG DATAR,2029,15989,10347.51,-6.651.145.999.999.990,106.882.775
CIPAYUNG GIRANG,2025,8766,4854.0,-6.646.581,10.690.488.999.999.900
CIPAYUNG GIRANG,2026,8941,5717.81,-6.646.581,10.690.488.999.999.900
CIPAYUNG GIRANG,2027,9120,6454.9,-6.646.581,10.690.488.999.999.900
CIPAYUNG GIRANG,2028,9302,6580.53,-6.646.581,10.690.488.999.999.900
CIPAYUNG GIRANG,2029,9488,6580.53,-6.646.581,10.690.488.999.999.900
CIPELANG,2025,13494,5619.02,-6.693.258,10.677.949.799.999.900
CIPELANG,2026,13918,6627.15,-6.693.258,10.677.949.799.999.900
CIPELANG,2027,14354,7408.7,-6.693.258,10.677.949.799.999.900
CIPELANG,2028,14805,7743.72,-6.693.258,10.677.949.799.999.900
CIPELANG,2029,15269,7743.72,-6.693.258,10.677.949.799.999.900
CIPENJO,2025,20650,8117.0,-6.391.695,10.699.113.999.999.900
CIPENJO,2026,21560,9693.56,-6.391.695,10.699.113.999.999.900
CIPENJO,2027,22510,10871.2,-6.391.695,10.699.113.999.999.900
CIPENJO,2028,23502,11233.36,-6.391.695,10.699.113.999.999.900
CIPENJO,2029,24538,11233.36,-6.391.695,10.699.113.999.999.900
CIPEUCANG,2025,13804,6363.39,-6.422.393.000.000.000,10.703.918.000.000.000
CIPEUCANG,2026,14010,7537.95,-6.422.393.000.000.000,10.703.918.000.000.000
CIPEUCANG,2027,14218,8482.5,-6.422.393.000.000.000,10.703.918.000.000.000
CIPEUCANG,2028,14430,8726.15,-6.422.393.000.000.000,10.703.918.000.000.000
CIPEUCANG,2029,14644,8726.15,-6.422.393.000.000.000,10.703.918.000.000.000
CIPICUNG,2025,13225,5170.08,-6.666.544,10.680.884.900.000.000
CIPICUNG,2026,13812,6073.93,-6.666.544,10.680.884.900.000.000
CIPICUNG,2027,14424,6768.01,-6.666.544,10.680.884.900.000.000
CIPICUNG,2028,15063,7133.84,-6.666.544,10.680.884.900.000.000
CIPICUNG,2029,15731,7133.84,-6.666.544,10.680.884.900.000.000
CIPINANG,2025,20551,7500.3,-6.433.829,10.662.323.599.999.900
CIPINANG,2026,21735,8916.32,-6.433.829,10.662.323.599.999.900
CIPINANG,2027,22987,9929.8,-6.433.829,10.662.323.599.999.900
CIPINANG,2028,24311,10437.19,-6.433.829,10.662.323.599.999.900
CIPINANG,2029,25712,10437.19,-6.433.829,10.662.323.599.999.900
CISALADA,2025,9000,18022.1,-6.733.681.999.999.990,10.679.385.200.000.000
CISALADA,2026,11039,20366.1,-6.733.681.999.999.990,10.679.385.200.000.000
CISALADA,2027,13539,22574.2,-6.733.681.999.999.990,10.679.385.200.000.000
CISALADA,2028,16606,2356.8,-6.733.681.999.999.990,10.679.385.200.000.000
CISALADA,2029,20367,2356.8,-6.733.681.999.999.990,10.679.385.200.000.000
CISARUA,2025,5567,5228.24,-6.652.529.000.000.000,106.540.705
CISARUA,2026,9649,29599.2,-6.652.529.000.000.000,106.540.705
CISARUA,2027,16723,5864.29,-6.652.529.000.000.000,106.540.705
CISARUA,2028,28984,4286.33,-6.652.529.000.000.000,106.540.705
CISARUA,2029,50234,6249.48,-6.652.529.000.000.000,106.540.705
CISEENG,2025,9685,4172.19,-644.164,10.669.525.100.000.000
CISEENG,2026,9945,4909.84,-644.164,10.669.525.100.000.000
CISEENG,2027,10212,5491.64,-644.164,10.669.525.100.000.000
CISEENG,2028,10487,5716.73,-644.164,10.669.525.100.000.000
CISEENG,2029,10768,5716.73,-644.164,10.669.525.100.000.000
CITAPEN,2025,10864,4673.26,-6.696.549.000.000.000,10.686.946.599.999.900
CITAPEN,2026,11159,5493.61,-6.696.549.000.000.000,10.686.946.599.999.900
CITAPEN,2027,11461,6148.68,-6.696.549.000.000.000,10.686.946.599.999.900
CITAPEN,2028,11771,6406.62,-6.696.549.000.000.000,10.686.946.599.999.900
CITAPEN,2029,12090,6406.62,-6.696.549.000.000.000,10.686.946.599.999.900
CITARINGGUL,2025,8616,3871.33,-65.679.549.999.999.900,10.685.921.400.000.000
CITARINGGUL,2026,8801,4543.99,-65.679.549.999.999.900,10.685.921.400.000.000
CITARINGGUL,2027,8991,5107.42,-65.679.549.999.999.900,10.685.921.400.000.000
CITARINGGUL,2028,9184,5258.62,-65.679.549.999.999.900,10.685.921.400.000.000
CITARINGGUL,2029,9382,5258.62,-65.679.549.999.999.900,10.685.921.400.000.000
CITAYAM,2025,12158,5712.59,-6.441.911.999.999.990,10.674.240.300.000.000
CITAYAM,2026,12304,6746.77,-6.441.911.999.999.990,10.674.240.300.000.000
CITAYAM,2027,12452,7587.92,-6.441.911.999.999.990,10.674.240.300.000.000
CITAYAM,2028,12601,7819.62,-6.441.911.999.999.990,10.674.240.300.000.000
CITAYAM,2029,12752,7819.62,-6.441.911.999.999.990,10.674.240.300.000.000
CITEKO,2025,11918,6633.7,-6.687.941,106.926.976
CITEKO,2026,12156,7857.9,-6.687.941,106.926.976
CITEKO,2027,12399,8910.64,-6.687.941,106.926.976
CITEKO,2028,12647,9000.78,-6.687.941,106.926.976
CITEKO,2029,12900,9000.78,-6.687.941,106.926.976
CITEUREUP,2025,17901,9673.56,-6.488.221,10.688.161.400.000.000
CITEUREUP,2026,18259,11566.76,-6.488.221,10.688.161.400.000.000
CITEUREUP,2027,18624,12987.17,-6.488.221,10.688.161.400.000.000
CITEUREUP,2028,18997,12987.17,-6.488.221,10.688.161.400.000.000
CITEUREUP,2029,19377,12987.17,-6.488.221,10.688.161.400.000.000
COGREG,2025,18924,8283.56,-64.224.440.000.000.000,10.669.187
COGREG,2026,19391,9854.14,-64.224.440.000.000.000,10.669.187
COGREG,2027,19870,11174.09,-64.224.440.000.000.000,10.669.187
COGREG,2028,20361,11303.76,-64.224.440.000.000.000,10.669.187
COGREG,2029,20864,11303.76,-64.224.440.000.000.000,10.669.187
CURUG,2025,8229,7653.75,-6.491.451,106.434.698
CURUG,2026,11353,4870.26,-6.491.451,106.434.698
CURUG,2027,15664,8963.79,-6.491.451,106.434.698
CURUG,2028,21612,7252.66,-6.491.451,106.434.698
CURUG,2029,29818,10049.47,-6.491.451,106.434.698
CURUGBITUNG,2025,11373,5658.47,-6.635.122,10.652.592.899.999.900
CURUGBITUNG,2026,11600,6673.09,-6.635.122,10.652.592.899.999.900
CURUGBITUNG,2027,11832,7522.37,-6.635.122,10.652.592.899.999.900
CURUGBITUNG,2028,12069,7711.99,-6.635.122,10.652.592.899.999.900
CURUGBITUNG,2029,12311,7711.99,-6.635.122,10.652.592.899.999.900
DAGO,2025,7245,3105.25,-6.406.863.000.000.000,106.584.879
DAGO,2026,7472,3636.64,-6.406.863.000.000.000,106.584.879
DAGO,2027,7707,4109.17,-6.406.863.000.000.000,106.584.879
DAGO,2028,7949,4165.76,-6.406.863.000.000.000,106.584.879
DAGO,2029,8199,4165.76,-6.406.863.000.000.000,106.584.879
DAYEUH,2025,32454,13033.0,-6.432.587,10.696.537.599.999.900
DAYEUH,2026,33890,15669.08,-6.432.587,10.696.537.599.999.900
DAYEUH,2027,35391,17490.97,-6.432.587,10.696.537.599.999.900
DAYEUH,2028,36957,17490.97,-6.432.587,10.696.537.599.999.900
DAYEUH,2029,38593,17490.97,-6.432.587,10.696.537.599.999.900
DRAMAGA,2025,15164,6901.43,-6.577.669,10.673.192.199.999.900
DRAMAGA,2026,15426,8182.55,-6.577.669,10.673.192.199.999.900
DRAMAGA,2027,15693,9228.05,-6.577.669,10.673.192.199.999.900
DRAMAGA,2028,15965,9450.6,-6.577.669,10.673.192.199.999.900
DRAMAGA,2029,16241,9450.6,-6.577.669,10.673.192.199.999.900
DUKUH,2025,7060,3594.68,-6.565.066,10.665.418.400.000.000
DUKUH,2026,7069,4225.24,-6.565.066,10.665.418.400.000.000
DUKUH,2027,7077,4780.01,-6.565.066,10.665.418.400.000.000
DUKUH,2028,7086,4836.39,-6.565.066,10.665.418.400.000.000
DUKUH,2029,7094,4836.39,-6.565.066,10.665.418.400.000.000
GADOG,2025,8115,3728.87,-6.660.425.000.000.000,106.872.424
GADOG,2026,8267,4377.22,-6.660.425.000.000.000,106.872.424
GADOG,2027,8422,4928.36,-6.660.425.000.000.000,106.872.424
GADOG,2028,8579,5050.27,-6.660.425.000.000.000,106.872.424
GADOG,2029,8740,5050.27,-6.660.425.000.000.000,106.872.424
GALUGA,2025,6437,3126.32,-6.564.131.000.000.000,106.643.867
GALUGA,2026,6506,3669.89,-6.564.131.000.000.000,106.643.867
GALUGA,2027,6577,4165.54,-6.564.131.000.000.000,106.643.867
GALUGA,2028,6648,4172.67,-6.564.131.000.000.000,106.643.867
GALUGA,2029,6720,4172.67,-6.564.131.000.000.000,106.643.867
GANDOANG,2025,19249,9809.24,-6.410.535.999.999.990,10.701.252
GANDOANG,2026,19301,11748.16,-6.410.535.999.999.990,10.701.252
GANDOANG,2027,19354,13205.16,-6.410.535.999.999.990,10.701.252
GANDOANG,2028,19407,13205.16,-6.410.535.999.999.990,10.701.252
GANDOANG,2029,19460,13205.16,-6.410.535.999.999.990,10.701.252
GINTUNGCILEJET,2025,8311,4128.22,-6.356.699.999.999.990,10.652.648.000.000.000
GINTUNGCILEJET,2026,8343,4857.27,-6.356.699.999.999.990,10.652.648.000.000.000
GINTUNGCILEJET,2027,8376,5473.11,-6.356.699.999.999.990,10.652.648.000.000.000
GINTUNGCILEJET,2028,8409,5600.82,-6.356.699.999.999.990,10.652.648.000.000.000
GINTUNGCILEJET,2029,8442,5600.82,-6.356.699.999.999.990,10.652.648.000.000.000
GIRIMULYA,2025,7860,4878.29,-6.569.406.000.000.000,10.667.776.599.999.900
GIRIMULYA,2026,8017,5715.43,-6.569.406.000.000.000,10.667.776.599.999.900
GIRIMULYA,2027,8178,6498.43,-6.569.406.000.000.000,10.667.776.599.999.900
GIRIMULYA,2028,8341,6534.97,-6.569.406.000.000.000,10.667.776.599.999.900
GIRIMULYA,2029,8508,6534.97,-6.569.406.000.000.000,10.667.776.599.999.900
GOBANG,2025,10204,5869.06,-65.176.810.000.000.000,10.664.979.699.999.900
GOBANG,2026,11110,6910.37,-65.176.810.000.000.000,10.664.979.699.999.900
GOBANG,2027,12097,7812.27,-65.176.810.000.000.000,10.664.979.699.999.900
GOBANG,2028,13171,7942.4,-65.176.810.000.000.000,10.664.979.699.999.900
GOBANG,2029,14340,7942.4,-65.176.810.000.000.000,10.664.979.699.999.900
GOROWONG,2025,10275,5103.06,-6.397.588.000.000.000,10.655.546.099.999.900
GOROWONG,2026,10306,6021.83,-6.397.588.000.000.000,10.655.546.099.999.900
GOROWONG,2027,10337,6777.24,-6.397.588.000.000.000,10.655.546.099.999.900
GOROWONG,2028,10369,6965.49,-6.397.588.000.000.000,10.655.546.099.999.900
GOROWONG,2029,10400,6965.49,-6.397.588.000.000.000,10.655.546.099.999.900
GUNUNG MALANG,2025,8425,3902.9,-6.669.565,10.672.051.499.999.900
GUNUNG MALANG,2026,8566,4585.24,-6.669.565,10.672.051.499.999.900
GUNUNG MALANG,2027,8710,5157.81,-6.669.565,10.672.051.499.999.900
GUNUNG MALANG,2028,8856,5298.64,-6.669.565,10.672.051.499.999.900
GUNUNG MALANG,2029,9004,5298.64,-6.669.565,10.672.051.499.999.900
GUNUNG MULYA,2025,7808,3632.69,-65.808.019.999.999.900,10.676.778.099.999.900
GUNUNG MULYA,2026,7931,4264.27,-65.808.019.999.999.900,10.676.778.099.999.900
GUNUNG MULYA,2027,8057,4807.26,-65.808.019.999.999.900,10.676.778.099.999.900
GUNUNG MULYA,2028,8184,4909.5,-65.808.019.999.999.900,10.676.778.099.999.900
GUNUNG MULYA,2029,8314,4909.5,-65.808.019.999.999.900,10.676.778.099.999.900
GUNUNG PICUNG,2025,16329,6847.57,-665.783,106.667.777
GUNUNG PICUNG,2026,16822,8118.78,-665.783,106.667.777
GUNUNG PICUNG,2027,17330,9111.12,-665.783,106.667.777
GUNUNG PICUNG,2028,17853,9432.66,-665.783,106.667.777
GUNUNG PICUNG,2029,18392,9432.66,-665.783,106.667.777
GUNUNG PUTRI,2025,27348,8690.86,-64.287.740.000.000.000,10.692.234.699.999.900
GUNUNG PUTRI,2026,29508,10290.5,-64.287.740.000.000.000,10.692.234.699.999.900
GUNUNG PUTRI,2027,31839,11432.06,-64.287.740.000.000.000,10.692.234.699.999.900
GUNUNG PUTRI,2028,34354,12105.39,-64.287.740.000.000.000,10.692.234.699.999.900
GUNUNG PUTRI,2029,37068,12105.39,-64.287.740.000.000.000,10.692.234.699.999.900
GUNUNGBUNDER I,2025,10559,4544.86,-6.650.197,10.667.923.999.999.900
GUNUNGBUNDER I,2026,10838,5345.46,-6.650.197,10.667.923.999.999.900
GUNUNGBUNDER I,2027,11126,5980.29,-6.650.197,10.667.923.999.999.900
GUNUNGBUNDER I,2028,11421,6232.76,-6.650.197,10.667.923.999.999.900
GUNUNGBUNDER I,2029,11723,6232.76,-6.650.197,10.667.923.999.999.900
GUNUNGBUNDER II,2025,11124,4656.97,-6.670.586,10.669.103.199.999.900
GUNUNGBUNDER II,2026,11475,5470.96,-6.670.586,10.669.103.199.999.900
GUNUNGBUNDER II,2027,11837,6116.32,-6.670.586,10.669.103.199.999.900
GUNUNGBUNDER II,2028,12210,6391.47,-6.670.586,10.669.103.199.999.900
GUNUNGBUNDER II,2029,12595,6391.47,-6.670.586,10.669.103.199.999.900
GUNUNGGEULIS,2025,8439,4217.56,-6.630.816.000.000.000,106.884.819
GUNUNGGEULIS,2026,8608,4957.37,-6.630.816.000.000.000,106.884.819
GUNUNGGEULIS,2027,8780,5584.65,-6.630.816.000.000.000,106.884.819
GUNUNGGEULIS,2028,8956,5719.48,-6.630.816.000.000.000,106.884.819
GUNUNGGEULIS,2029,9135,5719.48,-6.630.816.000.000.000,106.884.819
GUNUNGMENYAN,2025,7099,3120.19,-6.625.062,10.666.744.800.000.000
GUNUNGMENYAN,2026,7290,3655.97,-6.625.062,10.666.744.800.000.000
GUNUNGMENYAN,2027,7487,4134.58,-6.625.062,10.666.744.800.000.000
GUNUNGMENYAN,2028,7689,4182.32,-6.625.062,10.666.744.800.000.000
GUNUNGMENYAN,2029,7897,4182.32,-6.625.062,10.666.744.800.000.000
GUNUNGSARI,2025,15878,9373.9,-64.987.889.999.999.900,106.903.398
GUNUNGSARI,2026,16764,9414.65,-64.987.889.999.999.900,106.903.398
GUNUNGSARI,2027,17698,11033.26,-64.987.889.999.999.900,106.903.398
GUNUNGSARI,2028,18685,11033.26,-64.987.889.999.999.900,106.903.398
GUNUNGSARI,2029,19727,11033.26,-64.987.889.999.999.900,106.903.398
GUNUNGSINDUR,2025,13633,5692.84,-6.384.761.000.000.000,10.668.053.400.000.000
GUNUNGSINDUR,2026,14172,6662.95,-6.384.761.000.000.000,10.668.053.400.000.000
GUNUNGSINDUR,2027,14733,7488.3,-6.384.761.000.000.000,10.668.053.400.000.000
GUNUNGSINDUR,2028,15315,7769.94,-6.384.761.000.000.000,10.668.053.400.000.000
GUNUNGSINDUR,2029,15921,7769.94,-6.384.761.000.000.000,10.668.053.400.000.000
HAMBALANG,2025,12899,6260.58,-6.552.681,10.690.028.400.000.000
HAMBALANG,2026,12986,7409.56,-6.552.681,10.690.028.400.000.000
HAMBALANG,2027,13072,8358.68,-6.552.681,10.690.028.400.000.000
HAMBALANG,2028,13159,8553.69,-6.552.681,10.690.028.400.000.000
HAMBALANG,2029,13247,8553.69,-6.552.681,10.690.028.400.000.000
HAMBARO,2025,6752,3474.7,-6.587.507,10.656.135.300.000.000
HAMBARO,2026,6887,4078.82,-6.587.507,10.656.135.300.000.000
HAMBARO,2027,7025,4619.41,-6.587.507,10.656.135.300.000.000
HAMBARO,2028,7166,4658.39,-6.587.507,10.656.135.300.000.000
HAMBARO,2029,7309,4658.39,-6.587.507,10.656.135.300.000.000
HARKATJAYA,2025,8981,3854.64,-6.604.745.999.999.990,10.650.832.599.999.900
HARKATJAYA,2026,9245,4520.41,-6.604.745.999.999.990,10.650.832.599.999.900
HARKATJAYA,2027,9517,5071.55,-6.604.745.999.999.990,10.650.832.599.999.900
HARKATJAYA,2028,9797,5246.19,-6.604.745.999.999.990,10.650.832.599.999.900
HARKATJAYA,2029,10085,5246.19,-6.604.745.999.999.990,10.650.832.599.999.900
IWUL,2025,8927,3692.78,-6.459.000.999.999.990,10.671.461.800.000.000
IWUL,2026,9236,4339.87,-6.459.000.999.999.990,10.671.461.800.000.000
IWUL,2027,9555,4855.15,-6.459.000.999.999.990,10.671.461.800.000.000
IWUL,2028,9886,5044.76,-6.459.000.999.999.990,10.671.461.800.000.000
IWUL,2029,10228,5044.76,-6.459.000.999.999.990,10.671.461.800.000.000
JABONMEKAR,2025,10440,4939.91,-6.457.973,106.730.483
JABONMEKAR,2026,10557,5820.5,-6.457.973,106.730.483
JABONMEKAR,2027,10675,6539.93,-6.457.973,106.730.483
JABONMEKAR,2028,10795,6750.21,-6.457.973,106.730.483
JABONMEKAR,2029,10916,6750.21,-6.457.973,106.730.483
JAGABAYA,2025,9154,4282.1,-6.384.597,10.654.052.299.999.900
JAGABAYA,2026,9308,5055.14,-6.384.597,10.654.052.299.999.900
JAGABAYA,2027,9465,5663.87,-6.384.597,10.654.052.299.999.900
JAGABAYA,2028,9625,5862.99,-6.384.597,10.654.052.299.999.900
JAGABAYA,2029,9787,5862.99,-6.384.597,10.654.052.299.999.900
JAGABITA,2025,9174,3424.49,-6.336.011.000.000.000,10.653.181.199.999.900
JAGABITA,2026,9669,4000.36,-6.336.011.000.000.000,10.653.181.199.999.900
JAGABITA,2027,10192,4472.53,-6.336.011.000.000.000,10.653.181.199.999.900
JAGABITA,2028,10742,4662.51,-6.336.011.000.000.000,10.653.181.199.999.900
JAGABITA,2029,11322,4662.51,-6.336.011.000.000.000,10.653.181.199.999.900
JAMBULUWUK,2025,7633,3058.76,-6.691.171,10.687.837.400.000.000
JAMBULUWUK,2026,7976,3576.6,-6.691.171,10.687.837.400.000.000
JAMBULUWUK,2027,8333,4031.48,-6.691.171,10.687.837.400.000.000
JAMBULUWUK,2028,8707,4111.98,-6.691.171,10.687.837.400.000.000
JAMBULUWUK,2029,9097,4111.98,-6.691.171,10.687.837.400.000.000
JAMPANG,2025,12705,4420.34,-6.474.001.999.999.990,10.672.641.199.999.900
JAMPANG,2026,14679,5854.02,-6.474.001.999.999.990,10.672.641.199.999.900
JAMPANG,2027,16960,5884.57,-6.474.001.999.999.990,10.672.641.199.999.900
JAMPANG,2028,19596,7171.05,-6.474.001.999.999.990,10.672.641.199.999.900
JAMPANG,2029,22641,7171.05,-6.474.001.999.999.990,10.672.641.199.999.900
JASINGA,2025,5596,28937.4,-6.481.649,10.646.700.500.000.000
JASINGA,2026,5708,3394.42,-6.481.649,10.646.700.500.000.000
JASINGA,2027,5822,3819.42,-6.481.649,10.646.700.500.000.000
JASINGA,2028,5938,3819.42,-6.481.649,10.646.700.500.000.000
JASINGA,2029,6057,3819.42,-6.481.649,10.646.700.500.000.000
JATISARI,2025,8489,3903.21,-641.175,107.050.991
JATISARI,2026,8634,4583.73,-641.175,107.050.991
JATISARI,2027,8781,5156.0,-641.175,107.050.991
JATISARI,2028,8931,5298.64,-641.175,107.050.991
JATISARI,2029,9084,5298.64,-641.175,107.050.991
JAYARAHARJA,2025,4392,25447.8,-659.205,10.649.874.300.000.000
JAYARAHARJA,2026,4480,29884.1,-659.205,10.649.874.300.000.000
JAYARAHARJA,2027,4570,3295.08,-659.205,10.649.874.300.000.000
JAYARAHARJA,2028,4661,3295.08,-659.205,10.649.874.300.000.000
JAYARAHARJA,2029,4754,3295.08,-659.205,10.649.874.300.000.000
JOGJOGAN,2025,9166,4184.85,-6.662.160.000.000.000,10.693.291.000.000.000
JOGJOGAN,2026,9507,4910.58,-6.662.160.000.000.000,10.693.291.000.000.000
JOGJOGAN,2027,9862,5513.37,-6.662.160.000.000.000,10.693.291.000.000.000
JOGJOGAN,2028,10230,5694.67,-6.662.160.000.000.000,10.693.291.000.000.000
JOGJOGAN,2029,10611,5694.67,-6.662.160.000.000.000,10.693.291.000.000.000
JONGGOL,2025,14759,6368.14,-6.459.747,10.704.229.600.000.000
JONGGOL,2026,15141,7529.8,-6.459.747,10.704.229.600.000.000
JONGGOL,2027,15531,8454.45,-6.459.747,10.704.229.600.000.000
JONGGOL,2028,15932,8751.0,-6.459.747,10.704.229.600.000.000
JONGGOL,2029,16344,8751.0,-6.459.747,10.704.229.600.000.000
JUGALA JAYA,2025,6126,28569.5,-6.531.461.999.999.990,10.645.832.500.000.000
JUGALA JAYA,2026,6240,3350.23,-6.531.461.999.999.990,10.645.832.500.000.000
JUGALA JAYA,2027,6357,3787.68,-6.531.461.999.999.990,10.645.832.500.000.000
JUGALA JAYA,2028,6475,3787.68,-6.531.461.999.999.990,10.645.832.500.000.000
JUGALA JAYA,2029,6596,3787.68,-6.531.461.999.999.990,10.645.832.500.000.000
KABASIRAN,2025,13566,6829.2,-6.351.516.999.999.990,10.657.718.900.000.000
KABASIRAN,2026,13586,8102.69,-6.351.516.999.999.990,10.657.718.900.000.000
KABASIRAN,2027,13606,9171.94,-6.351.516.999.999.990,10.657.718.900.000.000
KABASIRAN,2028,13627,9308.44,-6.351.516.999.999.990,10.657.718.900.000.000
KABASIRAN,2029,13647,9308.44,-6.351.516.999.999.990,10.657.718.900.000.000
KADUMANGGU,2025,17032,7424.46,-6.540.646,10.685.341.300.000.000
KADUMANGGU,2026,17548,8803.3,-6.540.646,10.685.341.300.000.000
KADUMANGGU,2027,18079,9936.16,-6.540.646,10.685.341.300.000.000
KADUMANGGU,2028,18626,10162.59,-6.540.646,10.685.341.300.000.000
KADUMANGGU,2029,19189,10162.59,-6.540.646,10.685.341.300.000.000
KALISUREN,2025,25943,10371.96,-64.624.869.999.999.900,10.674.009.099.999.900
KALISUREN,2026,27051,12390.07,-64.624.869.999.999.900,10.674.009.099.999.900
KALISUREN,2027,28207,14089.67,-64.624.869.999.999.900,10.674.009.099.999.900
KALISUREN,2028,29412,14089.67,-64.624.869.999.999.900,10.674.009.099.999.900
KALISUREN,2029,30669,14089.67,-64.624.869.999.999.900,10.674.009.099.999.900
KALONG I,2025,6058,3051.45,-65.567.329.999.999.900,10.656.140.900.000.000
KALONG I,2026,6089,3583.09,-65.567.329.999.999.900,10.656.140.900.000.000
KALONG I,2027,6119,4056.77,-65.567.329.999.999.900,10.656.140.900.000.000
KALONG I,2028,6150,4056.77,-65.567.329.999.999.900,10.656.140.900.000.000
KALONG I,2029,6180,4056.77,-65.567.329.999.999.900,10.656.140.900.000.000
KALONG II,2025,6822,3439.56,-6.557.536.000.000.000,10.657.123.100.000.000
KALONG II,2026,6854,4040.63,-6.557.536.000.000.000,10.657.123.100.000.000
KALONG II,2027,6886,4576.04,-6.557.536.000.000.000,10.657.123.100.000.000
KALONG II,2028,6918,4615.58,-6.557.536.000.000.000,10.657.123.100.000.000
KALONG II,2029,6950,4615.58,-6.557.536.000.000.000,10.657.123.100.000.000
KALONGLIUD,2025,10814,4688.69,-6.587.906.000.000.000,10.654.956.800.000.000
KALONGLIUD,2026,11093,5518.36,-6.587.906.000.000.000,10.654.956.800.000.000
KALONGLIUD,2027,11379,6173.95,-6.587.906.000.000.000,10.654.956.800.000.000
KALONGLIUD,2028,11673,6434.22,-6.587.906.000.000.000,10.654.956.800.000.000
KALONGLIUD,2029,11974,6434.22,-6.587.906.000.000.000,10.654.956.800.000.000
KALONGSAWAH,2025,14199,5571.09,-6.502.293.999.999.990,10.649.651.999.999.900
KALONGSAWAH,2026,14836,6553.28,-6.502.293.999.999.990,10.649.651.999.999.900
KALONGSAWAH,2027,15501,7308.1,-6.502.293.999.999.990,10.649.651.999.999.900
KALONGSAWAH,2028,16196,7689.9,-6.502.293.999.999.990,10.649.651.999.999.900
KALONGSAWAH,2029,16922,7689.9,-6.502.293.999.999.990,10.649.651.999.999.900
KAMPUNGSAWAH,2025,17767,5630.64,-6.456.631.999.999.990,106.632.078
KAMPUNGSAWAH,2026,19353,6632.25,-6.456.631.999.999.990,106.632.078
KAMPUNGSAWAH,2027,21082,7253.01,-6.456.631.999.999.990,106.632.078
KAMPUNGSAWAH,2028,22965,7942.4,-6.456.631.999.999.990,106.632.078
KAMPUNGSAWAH,2029,25016,7942.4,-6.456.631.999.999.990,106.632.078
KARACAK,2025,13247,6291.26,-6.618.452,106.635.025
KARACAK,2026,13386,7445.42,-6.618.452,106.635.025
KARACAK,2027,13525,8392.39,-6.618.452,106.635.025
KARACAK,2028,13667,8604.75,-6.618.452,106.635.025
KARACAK,2029,13810,8604.75,-6.618.452,106.635.025
KARANG ASEM TIMUR,2025,11016,5773.76,-6.498.363,106.878.317
KARANG ASEM TIMUR,2026,11236,6816.74,-6.498.363,106.878.317
KARANG ASEM TIMUR,2027,11461,7695.77,-6.498.363,106.878.317
KARANG ASEM TIMUR,2028,11690,7856.9,-6.498.363,106.878.317
KARANG ASEM TIMUR,2029,11924,7856.9,-6.498.363,106.878.317
KARANGGAN,2025,26776,16858.51,-64.583.819.999.999.900,10.688.568.900.000.000
KARANGGAN,2026,28979,20411.32,-64.583.819.999.999.900,10.688.568.900.000.000
KARANGGAN,2027,31364,21705.05,-64.583.819.999.999.900,10.688.568.900.000.000
KARANGGAN,2028,33945,21705.05,-64.583.819.999.999.900,10.688.568.900.000.000
KARANGGAN,2029,36738,21705.05,-64.583.819.999.999.900,10.688.568.900.000.000
KARANGTENGAH,2025,19153,8268.07,-657.581,106.893.568
KARANGTENGAH,2026,19783,9827.84,-657.581,106.893.568
KARANGTENGAH,2027,20433,11134.92,-657.581,106.893.568
KARANGTENGAH,2028,21104,11287.18,-657.581,106.893.568
KARANGTENGAH,2029,21798,11287.18,-657.581,106.893.568
KAREHKEL,2025,14179,6972.88,-6.549.203,10.663.783.800.000.000
KAREHKEL,2026,14246,8274.89,-6.549.203,10.663.783.800.000.000
KAREHKEL,2027,14313,9365.43,-6.549.203,10.663.783.800.000.000
KAREHKEL,2028,14381,9509.91,-6.549.203,10.663.783.800.000.000
KAREHKEL,2029,14449,9509.91,-6.549.203,10.663.783.800.000.000
KARIHKIL,2025,11324,5984.94,-6.485.854.000.000.000,10.667.931.999.999.900
KARIHKIL,2026,11551,7072.99,-6.485.854.000.000.000,10.667.931.999.999.900
KARIHKIL,2027,11782,7990.39,-6.485.854.000.000.000,10.667.931.999.999.900
KARIHKIL,2028,12017,8143.89,-6.485.854.000.000.000,10.667.931.999.999.900
KARIHKIL,2029,12258,8143.89,-6.485.854.000.000.000,10.667.931.999.999.900
KARYAMEKAR,2025,3748,19273.9,-6.550.755.999.999.990,10.710.710.000.000.000
KARYAMEKAR,2026,3794,22672.9,-6.550.755.999.999.990,10.710.710.000.000.000
KARYAMEKAR,2027,3841,2403.69,-6.550.755.999.999.990,10.710.710.000.000.000
KARYAMEKAR,2028,3888,2403.69,-6.550.755.999.999.990,10.710.710.000.000.000
KARYAMEKAR,2029,3936,2403.69,-6.550.755.999.999.990,10.710.710.000.000.000
KARYASARI,2025,9172,4342.77,-6.639.530.000.000.000,10.662.320.500.000.000
KARYASARI,2026,9278,5108.11,-6.639.530.000.000.000,10.662.320.500.000.000
KARYASARI,2027,9384,5742.78,-6.639.530.000.000.000,10.662.320.500.000.000
KARYASARI,2028,9492,5914.02,-6.639.530.000.000.000,10.662.320.500.000.000
KARYASARI,2029,9601,5914.02,-6.639.530.000.000.000,10.662.320.500.000.000
KEDUNGWARINGIN,2025,31234,13511.72,-64.974.739.999.999.900,106.791.291
KEDUNGWARINGIN,2026,32415,16279.57,-64.974.739.999.999.900,106.791.291
KEDUNGWARINGIN,2027,33641,18007.05,-64.974.739.999.999.900,106.791.291
KEDUNGWARINGIN,2028,34914,18007.05,-64.974.739.999.999.900,106.791.291
KEDUNGWARINGIN,2029,36234,18007.05,-64.974.739.999.999.900,106.791.291
KEMANG,2025,14877,5931.1,-6.477.085,10.673.034.599.999.900
KEMANG,2026,15527,6993.16,-6.477.085,10.673.034.599.999.900
KEMANG,2027,16206,7806.72,-6.477.085,10.673.034.599.999.900
KEMANG,2028,16914,8189.43,-6.477.085,10.673.034.599.999.900
KEMANG,2029,17654,8189.43,-6.477.085,10.673.034.599.999.900
KEMBANG KUNING,2025,18414,7244.6,-6.451.427,10.693.881.200.000.000
KEMBANG KUNING,2026,19183,8573.32,-6.451.427,10.693.881.200.000.000
KEMBANG KUNING,2027,19984,9619.37,-6.451.427,10.693.881.200.000.000
KEMBANG KUNING,2028,20819,9979.05,-6.451.427,10.693.881.200.000.000
KEMBANG KUNING,2029,21688,9979.05,-6.451.427,10.693.881.200.000.000
KERTAJAYA,2025,10359,3516.85,-6.396.034.000.000.000,106.602.606
KERTAJAYA,2026,11127,4125.16,-6.396.034.000.000.000,106.602.606
KERTAJAYA,2027,11952,4559.29,-6.396.034.000.000.000,106.602.606
KERTAJAYA,2028,12838,4865.37,-6.396.034.000.000.000,106.602.606
KERTAJAYA,2029,13789,4865.37,-6.396.034.000.000.000,106.602.606
KIARAPANDAK,2025,8027,3503.73,-6.623.264.999.999.990,10.649.359.099.999.900
KIARAPANDAK,2026,8275,4108.38,-6.623.264.999.999.990,10.649.359.099.999.900
KIARAPANDAK,2027,8530,4622.3,-6.623.264.999.999.990,10.649.359.099.999.900
KIARAPANDAK,2028,8794,4741.2,-6.623.264.999.999.990,10.649.359.099.999.900
KIARAPANDAK,2029,9066,4741.2,-6.623.264.999.999.990,10.649.359.099.999.900
KIARASARI,2025,10263,4707.05,-668.511,10.649.365.600.000.000
KIARASARI,2026,10433,5539.51,-668.511,10.649.365.600.000.000
KIARASARI,2027,10605,6216.88,-668.511,10.649.365.600.000.000
KIARASARI,2028,10780,6434.22,-668.511,10.649.365.600.000.000
KIARASARI,2029,10959,6434.22,-668.511,10.649.365.600.000.000
KLAPANUNGGAL,2025,22819,10692.45,-6.452.016,106.956.804
KLAPANUNGGAL,2026,23185,12810.07,-6.452.016,106.956.804
KLAPANUNGGAL,2027,23558,14367.0,-6.452.016,106.956.804
KLAPANUNGGAL,2028,23936,14367.0,-6.452.016,106.956.804
KLAPANUNGGAL,2029,24320,14367.0,-6.452.016,106.956.804
KOLEANG,2025,8705,3213.06,-6.463.100.999.999.990,106.437.668
KOLEANG,2026,9231,3749.89,-6.463.100.999.999.990,106.437.668
KOLEANG,2027,9788,4199.64,-6.463.100.999.999.990,106.437.668
KOLEANG,2028,10378,4356.18,-6.463.100.999.999.990,106.437.668
KOLEANG,2029,11005,4356.18,-6.463.100.999.999.990,106.437.668
KOPO,2025,20889,10396.26,-6.673.581.999.999.990,10.691.853.500.000.000
KOPO,2026,21019,12468.97,-6.673.581.999.999.990,10.691.853.500.000.000
KOPO,2027,21149,13969.59,-6.673.581.999.999.990,10.691.853.500.000.000
KOPO,2028,21281,13969.59,-6.673.581.999.999.990,10.691.853.500.000.000
KOPO,2029,21413,13969.59,-6.673.581.999.999.990,10.691.853.500.000.000
KOTA BATU,2025,25410,12978.54,-6.627.123.000.000.000,10.678.016.400.000.000
KOTA BATU,2026,25918,15651.94,-6.627.123.000.000.000,10.678.016.400.000.000
KOTA BATU,2027,26437,17187.4,-6.627.123.000.000.000,10.678.016.400.000.000
KOTA BATU,2028,26966,17187.4,-6.627.123.000.000.000,10.678.016.400.000.000
KOTA BATU,2029,27505,17187.4,-6.627.123.000.000.000,10.678.016.400.000.000
KURIPAN,2025,11061,5111.52,-6.419.730.000.000.000,106.661.553
KURIPAN,2026,11224,6023.8,-6.419.730.000.000.000,106.661.553
KURIPAN,2027,11389,6763.05,-6.419.730.000.000.000,106.661.553
KURIPAN,2028,11557,6995.86,-6.419.730.000.000.000,106.661.553
KURIPAN,2029,11728,6995.86,-6.419.730.000.000.000,106.661.553
KUTA,2025,8230,3028.08,-6.703.418.999.999.990,106.926.856
KUTA,2026,8707,3535.85,-6.703.418.999.999.990,106.926.856
KUTA,2027,9211,3968.65,-6.703.418.999.999.990,106.926.856
KUTA,2028,9744,4089.87,-6.703.418.999.999.990,106.926.856
KUTA,2029,10308,4089.87,-6.703.418.999.999.990,106.926.856
KUTAMEKAR,2025,3659,19476.1,-6.518.339,10.715.436.000.000.000
KUTAMEKAR,2026,3683,22919.7,-6.518.339,10.715.436.000.000.000
KUTAMEKAR,2027,3707,2429.94,-6.518.339,10.715.436.000.000.000
KUTAMEKAR,2028,3730,2429.94,-6.518.339,10.715.436.000.000.000
KUTAMEKAR,2029,3754,2429.94,-6.518.339,10.715.436.000.000.000
LALADON,2025,10773,5473.34,-6.586.017,1.067.559
LALADON,2026,10989,6457.0,-6.586.017,1.067.559
LALADON,2027,11208,7276.11,-6.586.017,1.067.559
LALADON,2028,11433,7459.47,-6.586.017,1.067.559
LALADON,2029,11661,7459.47,-6.586.017,1.067.559
LEMAH DUHUR,2025,13966,7417.33,-6.727.964,10.685.471.300.000.000
LEMAH DUHUR,2026,14245,8808.62,-6.727.964,10.685.471.300.000.000
LEMAH DUHUR,2027,14530,10010.49,-6.727.964,10.685.471.300.000.000
LEMAH DUHUR,2028,14821,10063.28,-6.727.964,10.685.471.300.000.000
LEMAH DUHUR,2029,15117,10063.28,-6.727.964,10.685.471.300.000.000
LEUWEUNGKOLOT,2025,8593,3972.34,-6.557.988,106.673.344
LEUWEUNGKOLOT,2026,8734,4664.81,-6.557.988,106.673.344
LEUWEUNGKOLOT,2027,8877,5247.4,-6.557.988,106.673.344
LEUWEUNGKOLOT,2028,9022,5393.81,-6.557.988,106.673.344
LEUWEUNGKOLOT,2029,9170,5393.81,-6.557.988,106.673.344
LEUWIBATU,2025,16464,5571.46,-6.521.323,106.617.346
LEUWIBATU,2026,17597,6585.35,-6.521.323,106.617.346
LEUWIBATU,2027,18807,7235.22,-6.521.323,106.617.346
LEUWIBATU,2028,20101,7837.55,-6.521.323,106.617.346
LEUWIBATU,2029,21484,7837.55,-6.521.323,106.617.346
LEUWIKARET,2025,8445,3918.72,-6.515.433,10.694.176.300.000.000
LEUWIKARET,2026,8764,4595.63,-6.515.433,10.694.176.300.000.000
LEUWIKARET,2027,9095,5168.73,-6.515.433,10.694.176.300.000.000
LEUWIKARET,2028,9439,5312.44,-6.515.433,10.694.176.300.000.000
LEUWIKARET,2029,9795,5312.44,-6.515.433,10.694.176.300.000.000
LEUWILIANG,2025,18039,6451.05,-6.574.148.000.000.000,10.663.200.699.999.900
LEUWILIANG,2026,19079,7595.21,-6.574.148.000.000.000,10.663.200.699.999.900
LEUWILIANG,2027,20179,8447.51,-6.574.148.000.000.000,10.663.200.699.999.900
LEUWILIANG,2028,21343,8948.33,-6.574.148.000.000.000,10.663.200.699.999.900
LEUWILIANG,2029,22573,8948.33,-6.574.148.000.000.000,10.663.200.699.999.900
LEUWIMALANG,2025,8941,4617.22,-6.668.805.000.000.000,10.692.853.900.000.000
LEUWIMALANG,2026,9120,5429.64,-6.668.805.000.000.000,10.692.853.900.000.000
LEUWIMALANG,2027,9303,6121.26,-6.668.805.000.000.000,10.692.853.900.000.000
LEUWIMALANG,2028,9489,6264.51,-6.668.805.000.000.000,10.692.853.900.000.000
LEUWIMALANG,2029,9678,6264.51,-6.668.805.000.000.000,10.692.853.900.000.000
LEUWIMEKAR,2025,13003,8171.88,-6.585.105.000.000.000,106.632.078
LEUWIMEKAR,2026,13263,9723.81,-6.585.105.000.000.000,106.632.078
LEUWIMEKAR,2027,13528,10978.05,-6.585.105.000.000.000,106.632.078
LEUWIMEKAR,2028,13799,10978.05,-6.585.105.000.000.000,106.632.078
LEUWIMEKAR,2029,14075,10978.05,-6.585.105.000.000.000,106.632.078
LEUWINUTUG,2025,15907,7455.04,-6.514.106,10.686.329.300.000.000
LEUWINUTUG,2026,16113,8852.37,-6.514.106,10.686.329.300.000.000
LEUWINUTUG,2027,16321,10026.18,-6.514.106,10.686.329.300.000.000
LEUWINUTUG,2028,16532,10169.49,-6.514.106,10.686.329.300.000.000
LEUWINUTUG,2029,16746,10169.49,-6.514.106,10.686.329.300.000.000
LEUWISADENG,2025,14031,7067.65,-6.566.454.000.000.000,10.659.585.900.000.000
LEUWISADENG,2026,14312,8381.03,-6.566.454.000.000.000,10.659.585.900.000.000
LEUWISADENG,2027,14598,9494.88,-6.566.454.000.000.000,10.659.585.900.000.000
LEUWISADENG,2028,14890,9618.96,-6.566.454.000.000.000,10.659.585.900.000.000
LEUWISADENG,2029,15188,9618.96,-6.566.454.000.000.000,10.659.585.900.000.000
LIGARMUKTI,2025,4162,18004.2,-6.493.698,10.697.718.300.000.000
LIGARMUKTI,2026,4342,21155.5,-6.493.698,10.697.718.300.000.000
LIGARMUKTI,2027,4529,2238.12,-6.493.698,10.697.718.300.000.000
LIGARMUKTI,2028,4725,2238.12,-6.493.698,10.697.718.300.000.000
LIGARMUKTI,2029,4929,2238.12,-6.493.698,10.697.718.300.000.000
LIMUSNUNGGAL,2025,31177,16668.61,-6.361.686.999.999.990,10.697.623.900.000.000
LIMUSNUNGGAL,2026,31801,20239.07,-6.361.686.999.999.990,10.697.623.900.000.000
LIMUSNUNGGAL,2027,32437,21662.28,-6.361.686.999.999.990,10.697.623.900.000.000
LIMUSNUNGGAL,2028,33086,21662.28,-6.361.686.999.999.990,10.697.623.900.000.000
LIMUSNUNGGAL,2029,33747,21662.28,-6.361.686.999.999.990,10.697.623.900.000.000
LULUT,2025,18538,7764.1,-649.318,10.691.526.199.999.900
LULUT,2026,19619,9187.0,-649.318,10.691.526.199.999.900
LULUT,2027,20763,10366.22,-649.318,10.691.526.199.999.900
LULUT,2028,21974,10615.2,-649.318,10.691.526.199.999.900
LULUT,2029,23256,10615.2,-649.318,10.691.526.199.999.900
LUMPANG,2025,16574,6832.5,-6.356.890.999.999.990,10.654.376.400.000.000
LUMPANG,2026,17197,8079.9,-6.356.890.999.999.990,10.654.376.400.000.000
LUMPANG,2027,17843,9070.25,-6.356.890.999.999.990,10.654.376.400.000.000
LUMPANG,2028,18513,9396.8,-6.356.890.999.999.990,10.654.376.400.000.000
LUMPANG,2029,19208,9396.8,-6.356.890.999.999.990,10.654.376.400.000.000
MALASARI,2025,8546,4505.48,-6.710.038,10.652.316.300.000.000
MALASARI,2026,8716,5300.83,-6.710.038,10.652.316.300.000.000
MALASARI,2027,8891,5977.59,-6.710.038,10.652.316.300.000.000
MALASARI,2028,9069,6108.6,-6.710.038,10.652.316.300.000.000
MALASARI,2029,9250,6108.6,-6.710.038,10.652.316.300.000.000
MAMPIR,2025,17038,5413.11,-6.428.922,10.699.784.700.000.000
MAMPIR,2026,18438,6327.01,-6.428.922,10.699.784.700.000.000
MAMPIR,2027,19954,6958.62,-6.428.922,10.699.784.700.000.000
MAMPIR,2028,21593,7564.35,-6.428.922,10.699.784.700.000.000
MAMPIR,2029,23368,7564.35,-6.428.922,10.699.784.700.000.000
MEGAMENDUNG,2025,7366,3266.3,-6.679.374,10.689.265.499.999.900
MEGAMENDUNG,2026,7559,3828.19,-6.679.374,10.689.265.499.999.900
MEGAMENDUNG,2027,7756,4322.63,-6.679.374,10.689.265.499.999.900
MEGAMENDUNG,2028,7959,4392.09,-6.679.374,10.689.265.499.999.900
MEGAMENDUNG,2029,8168,4392.09,-6.679.374,10.689.265.499.999.900
MEKARJAYA,2025,11437,4602.41,-6.535.486.999.999.990,10.665.672.099.999.900
MEKARJAYA,2026,12908,5317.17,-6.535.486.999.999.990,10.665.672.099.999.900
MEKARJAYA,2027,14569,5955.85,-6.535.486.999.999.990,10.665.672.099.999.900
MEKARJAYA,2028,16443,6224.52,-6.535.486.999.999.990,10.665.672.099.999.900
MEKARJAYA,2029,18557,6224.52,-6.535.486.999.999.990,10.665.672.099.999.900
MEKARSARI,2025,7194,4281.8,-6.402.271.999.999.990,106.970.494
MEKARSARI,2026,8258,4162.77,-6.402.271.999.999.990,106.970.494
MEKARSARI,2027,9478,5390.78,-6.402.271.999.999.990,106.970.494
MEKARSARI,2028,10879,5625.13,-6.402.271.999.999.990,106.970.494
MEKARSARI,2029,12487,6904.42,-6.402.271.999.999.990,106.970.494
MEKARWANGI,2025,7118,27906.5,-6.522.444,10.711.005.300.000.000
MEKARWANGI,2026,9235,3210.72,-6.522.444,10.711.005.300.000.000
MEKARWANGI,2027,11981,3599.63,-6.522.444,10.711.005.300.000.000
MEKARWANGI,2028,15545,3677.28,-6.522.444,10.711.005.300.000.000
MEKARWANGI,2029,20168,3677.28,-6.522.444,10.711.005.300.000.000
MUARA JAYA,2025,7173,25668.8,-6.719.001.999.999.990,10.681.644.099.999.900
MUARA JAYA,2026,9029,29599.7,-6.719.001.999.999.990,10.681.644.099.999.900
MUARA JAYA,2027,11365,3318.87,-6.719.001.999.999.990,10.681.644.099.999.900
MUARA JAYA,2028,14306,3384.8,-6.719.001.999.999.990,10.681.644.099.999.900
MUARA JAYA,2029,18008,3384.8,-6.719.001.999.999.990,10.681.644.099.999.900
NAGRAK,2025,14248,12070.48,-6.618.550.000.000.000,106.856.188
NAGRAK,2026,15356,9697.0,-6.618.550.000.000.000,106.856.188
NAGRAK,2027,16550,14787.84,-6.618.550.000.000.000,106.856.188
NAGRAK,2028,17836,14607.46,-6.618.550.000.000.000,106.856.188
NAGRAK,2029,19223,14787.84,-6.618.550.000.000.000,106.856.188
NAMBO,2025,11072,5165.69,-64.748,10.692.995.800.000.000
NAMBO,2026,11238,6089.79,-64.748,10.692.995.800.000.000
NAMBO,2027,11407,6838.99,-64.748,10.692.995.800.000.000
NAMBO,2028,11578,7068.94,-64.748,10.692.995.800.000.000
NAMBO,2029,11752,7068.94,-64.748,10.692.995.800.000.000
NANGGERANG,2025,11528,4126.88,-6.467.081,106.779.494
NANGGERANG,2026,12221,4824.44,-6.467.081,106.779.494
NANGGERANG,2027,12955,5354.77,-6.467.081,106.779.494
NANGGERANG,2028,13734,5690.51,-6.467.081,106.779.494
NANGGERANG,2029,14559,5690.51,-6.467.081,106.779.494
NANGGUNG,2025,8799,5803.18,-6.579.776.999.999.990,106.547.583
NANGGUNG,2026,8974,6857.82,-6.579.776.999.999.990,106.547.583
NANGGUNG,2027,9154,7786.2,-6.579.776.999.999.990,106.547.583
NANGGUNG,2028,9337,7832.01,-6.579.776.999.999.990,106.547.583
NANGGUNG,2029,9524,7832.01,-6.579.776.999.999.990,106.547.583
NEGLASARI,2025,21214,27942.7,-64.486.159.999.999.900,106.447.949
NEGLASARI,2026,40354,5120.9,-64.486.159.999.999.900,106.447.949
NEGLASARI,2027,76762,28362.6,-64.486.159.999.999.900,106.447.949
NEGLASARI,2028,146020,22669.0,-64.486.159.999.999.900,106.447.949
NEGLASARI,2029,277766,-5891.96,-64.486.159.999.999.900,106.447.949
PABANGBON,2025,7816,3225.07,-6.620.063,10.658.787.399.999.900
PABANGBON,2026,8161,3772.77,-6.620.063,10.658.787.399.999.900
PABANGBON,2027,8521,4248.25,-6.620.063,10.658.787.399.999.900
PABANGBON,2028,8896,4346.53,-6.620.063,10.658.787.399.999.900
PABANGBON,2029,9289,4346.53,-6.620.063,10.658.787.399.999.900
PABUARAN,2025,13879,5228.59,-6.545.413.000.000.000,10.696.537.599.999.900
PABUARAN,2026,14768,7104.44,-6.545.413.000.000.000,10.696.537.599.999.900
PABUARAN,2027,15713,7125.25,-6.545.413.000.000.000,10.696.537.599.999.900
PABUARAN,2028,16719,8646.14,-6.545.413.000.000.000,10.696.537.599.999.900
PABUARAN,2029,17790,8646.14,-6.545.413.000.000.000,10.696.537.599.999.900
PADURENAN,2025,9906,3926.44,-6.391.946,10.670.522.500.000.000
PADURENAN,2026,10329,4596.19,-6.391.946,10.670.522.500.000.000
PADURENAN,2027,10770,5136.84,-6.391.946,10.670.522.500.000.000
PADURENAN,2028,11230,5367.61,-6.391.946,10.670.522.500.000.000
PADURENAN,2029,11709,5367.61,-6.391.946,10.670.522.500.000.000
PAGELARAN,2025,21275,9741.84,-6.612.863.999.999.990,106.760.324
PAGELARAN,2026,21660,11658.32,-6.612.863.999.999.990,106.760.324
PAGELARAN,2027,22053,13192.76,-6.612.863.999.999.990,106.760.324
PAGELARAN,2028,22453,13192.76,-6.612.863.999.999.990,106.760.324
PAGELARAN,2029,22860,13192.76,-6.612.863.999.999.990,106.760.324
PALASARI,2025,11292,4810.17,-6.661.755.000.000.000,10.679.719
PALASARI,2026,11771,5654.6,-6.661.755.000.000.000,10.679.719
PALASARI,2027,12271,6319.95,-6.661.755.000.000.000,10.679.719
PALASARI,2028,12792,6603.96,-6.661.755.000.000.000,10.679.719
PALASARI,2029,13335,6603.96,-6.661.755.000.000.000,10.679.719
PAMAGERSARI,2025,5402,27785.5,-6.487.805.999.999.990,10.646.709.099.999.900
PAMAGERSARI,2026,5510,3259.67,-6.487.805.999.999.990,10.646.709.099.999.900
PAMAGERSARI,2027,5620,3653.85,-6.487.805.999.999.990,10.646.709.099.999.900
PAMAGERSARI,2028,5733,3653.85,-6.487.805.999.999.990,10.646.709.099.999.900
PAMAGERSARI,2029,5847,3653.85,-6.487.805.999.999.990,10.646.709.099.999.900
PAMEGARSARI,2025,19369,7269.62,-6.433.029,106.725.639
PAMEGARSARI,2026,20353,8591.48,-6.433.029,106.725.639
PAMEGARSARI,2027,21387,9616.13,-6.433.029,106.725.639
PAMEGARSARI,2028,22474,10035.65,-6.433.029,106.725.639
PAMEGARSARI,2029,23616,10035.65,-6.433.029,106.725.639
PAMIJAHAN,2025,14227,6207.7,-6.634.759,106.679.677
PAMIJAHAN,2026,14574,7341.08,-6.634.759,106.679.677
PAMIJAHAN,2027,14929,8238.8,-6.634.759,106.679.677
PAMIJAHAN,2028,15293,8532.97,-6.634.759,106.679.677
PAMIJAHAN,2029,15666,8532.97,-6.634.759,106.679.677
PANCAWATI,2025,17510,6900.83,-6.713.645,106.859.139
PANCAWATI,2026,18269,8154.4,-6.713.645,106.859.139
PANCAWATI,2027,19062,9137.11,-6.713.645,106.859.139
PANCAWATI,2028,19889,9509.91,-6.713.645,106.859.139
PANCAWATI,2029,20751,9509.91,-6.713.645,106.859.139
PANDAN SARI,2025,9245,4448.65,-66.508.650.000.000.000,106.860.666
PANDAN SARI,2026,9357,5234.98,-66.508.650.000.000.000,106.860.666
PANDAN SARI,2027,9470,5886.71,-66.508.650.000.000.000,106.860.666
PANDAN SARI,2028,9585,6058.92,-66.508.650.000.000.000,106.860.666
PANDAN SARI,2029,9701,6058.92,-66.508.650.000.000.000,106.860.666
PANGAUR,2025,5457,27507.4,-6.398.211.999.999.990,106.458.256
PANGAUR,2026,5500,3229.24,-6.398.211.999.999.990,106.458.256
PANGAUR,2027,5543,3619.38,-6.398.211.999.999.990,106.458.256
PANGAUR,2028,5587,3619.38,-6.398.211.999.999.990,106.458.256
PANGAUR,2029,5631,3619.38,-6.398.211.999.999.990,106.458.256
PANGKALJAYA,2025,8281,3847.01,-6.603.236.999.999.990,10.654.954.000.000.000
PANGKALJAYA,2026,8419,4517.53,-6.603.236.999.999.990,10.654.954.000.000.000
PANGKALJAYA,2027,8559,5085.05,-6.603.236.999.999.990,10.654.954.000.000.000
PANGKALJAYA,2028,8701,5215.83,-6.603.236.999.999.990,10.654.954.000.000.000
PANGKALJAYA,2029,8845,5215.83,-6.603.236.999.999.990,10.654.954.000.000.000
PANGRADIN,2025,8132,3598.88,-653.102,106.481.817
PANGRADIN,2026,8334,4220.52,-653.102,106.481.817
PANGRADIN,2027,8540,4749.62,-653.102,106.481.817
PANGRADIN,2028,8751,4872.26,-653.102,106.481.817
PANGRADIN,2029,8968,4872.26,-653.102,106.481.817
PARAKAN,2025,11337,5176.86,-6.620.253,10.676.916.699.999.900
PARAKAN,2026,11528,6102.32,-6.620.253,10.676.916.699.999.900
PARAKAN,2027,11721,6847.24,-6.620.253,10.676.916.699.999.900
PARAKAN,2028,11918,7092.43,-6.620.253,10.676.916.699.999.900
PARAKAN,2029,12118,7092.43,-6.620.253,10.676.916.699.999.900
PARAKANJAYA,2025,11389,5095.56,-6.522.555,10.676.130.600.000.000
PARAKANJAYA,2026,11617,6018.91,-6.522.555,10.676.130.600.000.000
PARAKANJAYA,2027,11849,6734.73,-6.522.555,10.676.130.600.000.000
PARAKANJAYA,2028,12086,7009.65,-6.522.555,10.676.130.600.000.000
PARAKANJAYA,2029,12328,7009.65,-6.522.555,10.676.130.600.000.000
PARAKANMUNCANG,2025,7391,3198.8,-6.577.517,10.654.338.599.999.900
PARAKANMUNCANG,2026,7627,3753.19,-6.577.517,10.654.338.599.999.900
PARAKANMUNCANG,2027,7870,4231.66,-6.577.517,10.654.338.599.999.900
PARAKANMUNCANG,2028,8121,4309.26,-6.577.517,10.654.338.599.999.900
PARAKANMUNCANG,2029,8380,4309.26,-6.577.517,10.654.338.599.999.900
PARIGI MEKAR,2025,9246,4669.47,-6.449.330.000.000.000,106.696.928
PARIGI MEKAR,2026,9251,5502.6,-6.449.330.000.000.000,106.696.928
PARIGI MEKAR,2027,9257,6197.4,-6.449.330.000.000.000,106.696.928
PARIGI MEKAR,2028,9262,6355.59,-6.449.330.000.000.000,106.696.928
PARIGI MEKAR,2029,9268,6355.59,-6.449.330.000.000.000,106.696.928
PARUNG,2025,16257,8271.15,-6.422.274,10.673.264.999.999.900
PARUNG,2026,16259,9861.02,-6.422.274,10.673.264.999.999.900
PARUNG,2027,16262,11214.09,-6.422.274,10.673.264.999.999.900
PARUNG,2028,16264,11214.09,-6.422.274,10.673.264.999.999.900
PARUNG,2029,16267,11214.09,-6.422.274,10.673.264.999.999.900
PARUNGPANJANG,2025,21645,8481.11,-6.345.435.999.999.990,10.656.243.500.000.000
PARUNGPANJANG,2026,22615,10071.38,-6.345.435.999.999.990,10.656.243.500.000.000
PARUNGPANJANG,2027,23629,11367.71,-6.345.435.999.999.990,10.656.243.500.000.000
PARUNGPANJANG,2028,24688,11629.36,-6.345.435.999.999.990,10.656.243.500.000.000
PARUNGPANJANG,2029,25795,11629.36,-6.345.435.999.999.990,10.656.243.500.000.000
PASAREAN,2025,12434,6105.63,-6.640.707.000.000.000,106.661.553
PASAREAN,2026,12493,7224.9,-6.640.707.000.000.000,106.661.553
PASAREAN,2027,12551,8148.35,-6.640.707.000.000.000,106.661.553
PASAREAN,2028,12610,8341.18,-6.640.707.000.000.000,106.661.553
PASAREAN,2029,12670,8341.18,-6.640.707.000.000.000,106.661.553
PASIR ANGIN,2025,11037,5241.85,-6.378.576.999.999.990,10.698.256.699.999.900
PASIR ANGIN,2026,11148,6191.13,-6.378.576.999.999.990,10.698.256.699.999.900
PASIR ANGIN,2027,11259,6952.36,-6.378.576.999.999.990,10.698.256.699.999.900
PASIR ANGIN,2028,11372,7180.74,-6.378.576.999.999.990,10.698.256.699.999.900
PASIR ANGIN,2029,11486,7180.74,-6.378.576.999.999.990,10.698.256.699.999.900
PASIR JAMBU,2025,13719,6969.65,-6.532.814,106.808.988
PASIR JAMBU,2026,13751,8272.71,-6.532.814,106.808.988
PASIR JAMBU,2027,13784,9372.81,-6.532.814,106.808.988
PASIR JAMBU,2028,13817,9492.01,-6.532.814,106.808.988
PASIR JAMBU,2029,13850,9492.01,-6.532.814,106.808.988
PASIR MADANG,2025,6063,25710.9,-6.602.905.000.000.000,10.647.019.499.999.900
PASIR MADANG,2026,6286,3012.97,-6.602.905.000.000.000,10.647.019.499.999.900
PASIR MADANG,2027,6517,3390.3,-6.602.905.000.000.000,10.647.019.499.999.900
PASIR MADANG,2028,6757,3390.3,-6.602.905.000.000.000,10.647.019.499.999.900
PASIR MADANG,2029,7006,3390.3,-6.602.905.000.000.000,10.647.019.499.999.900
PASIR MUNCANG,2025,8347,4200.54,-6.723.548.000.000.000,10.683.115.400.000.000
PASIR MUNCANG,2026,8379,4941.31,-6.723.548.000.000.000,10.683.115.400.000.000
PASIR MUNCANG,2027,8412,5570.48,-6.723.548.000.000.000,10.683.115.400.000.000
PASIR MUNCANG,2028,8445,5696.01,-6.723.548.000.000.000,10.683.115.400.000.000
PASIR MUNCANG,2029,8478,5696.01,-6.723.548.000.000.000,10.683.115.400.000.000
PASIR TANJUNG,2025,4517,23614.1,-6.600.833,107.142.544
PASIR TANJUNG,2026,4537,27746.1,-6.600.833,107.142.544
PASIR TANJUNG,2027,4556,3043.95,-6.600.833,107.142.544
PASIR TANJUNG,2028,4576,3043.95,-6.600.833,107.142.544
PASIR TANJUNG,2029,4595,3043.95,-6.600.833,107.142.544
PASIRANGIN,2025,40892,21882.53,-6.368.178,10.698.617.399.999.900
PASIRANGIN,2026,41710,26706.92,-6.368.178,10.698.617.399.999.900
PASIRANGIN,2027,42544,27968.22,-6.368.178,10.698.617.399.999.900
PASIRANGIN,2028,43395,27968.22,-6.368.178,10.698.617.399.999.900
PASIRANGIN,2029,44263,27968.22,-6.368.178,10.698.617.399.999.900
PASIREURIH,2025,13966,7114.24,-6.637.249,106.761.807
PASIREURIH,2026,14245,8438.32,-6.637.249,106.761.807
PASIREURIH,2027,14530,9564.8,-6.637.249,106.761.807
PASIREURIH,2028,14821,9676.91,-6.637.249,106.761.807
PASIREURIH,2029,15117,9676.91,-6.637.249,106.761.807
PASIRGAOK,2025,9398,4975.35,-6.535.817,10.672.048.300.000.000
PASIRGAOK,2026,9586,5865.68,-6.535.817,10.672.048.300.000.000
PASIRGAOK,2027,9778,6610.42,-6.535.817,10.672.048.300.000.000
PASIRGAOK,2028,9974,6766.82,-6.535.817,10.672.048.300.000.000
PASIRGAOK,2029,10173,6766.82,-6.535.817,10.672.048.300.000.000
PASIRJAYA,2025,8735,4009.55,-6.743.046,10.680.425.399.999.900
PASIRJAYA,2026,8884,4711.56,-6.743.046,10.680.425.399.999.900
PASIRJAYA,2027,9036,5295.17,-6.743.046,10.680.425.399.999.900
PASIRJAYA,2028,9191,5453.17,-6.743.046,10.680.425.399.999.900
PASIRJAYA,2029,9348,5453.17,-6.743.046,10.680.425.399.999.900
PASIRLAJA,2025,13508,6603.18,-6.547.213.000.000.000,10.683.848.699.999.900
PASIRLAJA,2026,13699,7872.73,-6.547.213.000.000.000,10.683.848.699.999.900
PASIRLAJA,2027,13893,8851.31,-6.547.213.000.000.000,10.683.848.699.999.900
PASIRLAJA,2028,14089,9086.33,-6.547.213.000.000.000,10.683.848.699.999.900
PASIRLAJA,2029,14288,9086.33,-6.547.213.000.000.000,10.683.848.699.999.900
PASIRMUKTI,2025,13926,5769.54,-6.509.253.000.000.000,106.897.496
PASIRMUKTI,2026,14472,6800.84,-6.509.253.000.000.000,106.897.496
PASIRMUKTI,2027,15041,7604.73,-6.509.253.000.000.000,106.897.496
PASIRMUKTI,2028,15631,7946.58,-6.509.253.000.000.000,106.897.496
PASIRMUKTI,2029,16244,7946.58,-6.509.253.000.000.000,106.897.496
PENGASINAN,2025,13368,6386.46,-6.368.499.000.000.000,10.668.977
PENGASINAN,2026,13491,7561.28,-6.368.499.000.000.000,10.668.977
PENGASINAN,2027,13616,8527.93,-6.368.499.000.000.000,10.668.977
PENGASINAN,2028,13741,8731.68,-6.368.499.000.000.000,10.668.977
PENGASINAN,2029,13868,8731.68,-6.368.499.000.000.000,10.668.977
PETIR,2025,15183,7693.61,-66.078,106.720.525
PETIR,2026,15197,9155.17,-66.078,106.720.525
PETIR,2027,15210,10407.94,-66.078,106.720.525
PETIR,2028,15224,10456.49,-66.078,106.720.525
PETIR,2029,15237,10456.49,-66.078,106.720.525
PINGKU,2025,10015,4551.3,-6.376.690.999.999.990,10.656.725.000.000.000
PINGKU,2026,10194,5357.08,-6.376.690.999.999.990,10.656.725.000.000.000
PINGKU,2027,10375,6007.64,-6.376.690.999.999.990,10.656.725.000.000.000
PINGKU,2028,10560,6224.52,-6.376.690.999.999.990,10.656.725.000.000.000
PINGKU,2029,10748,6224.52,-6.376.690.999.999.990,10.656.725.000.000.000
PONDOK UDIK,2025,9083,4123.86,-6.491.746.999.999.990,10.674.229.399.999.900
PONDOK UDIK,2026,9277,4843.6,-6.491.746.999.999.990,10.674.229.399.999.900
PONDOK UDIK,2027,9474,5439.92,-6.491.746.999.999.990,10.674.229.399.999.900
PONDOK UDIK,2028,9676,5614.64,-6.491.746.999.999.990,10.674.229.399.999.900
PONDOK UDIK,2029,9882,5614.64,-6.491.746.999.999.990,10.674.229.399.999.900
PURASARI,2025,14008,6540.34,-6.702.083,10.659.965.900.000.000
PURASARI,2026,14193,7744.65,-6.702.083,10.659.965.900.000.000
PURASARI,2027,14381,8732.43,-6.702.083,10.659.965.900.000.000
PURASARI,2028,14571,8948.33,-6.702.083,10.659.965.900.000.000
PURASARI,2029,14763,8948.33,-6.702.083,10.659.965.900.000.000
PURASEDA,2025,14652,3886.73,-6.660.858,10.659.965.900.000.000
PURASEDA,2026,16317,4493.18,-6.660.858,10.659.965.900.000.000
PURASEDA,2027,18172,4879.18,-6.660.858,10.659.965.900.000.000
PURASEDA,2028,20238,5454.54,-6.660.858,10.659.965.900.000.000
PURASEDA,2029,22538,5454.54,-6.660.858,10.659.965.900.000.000
PURWABAKTI,2025,8666,3929.9,-6.731.791.999.999.990,106.635.025
PURWABAKTI,2026,8833,4614.32,-6.731.791.999.999.990,106.635.025
PURWABAKTI,2027,9003,5186.83,-6.731.791.999.999.990,106.635.025
PURWABAKTI,2028,9177,5340.05,-6.731.791.999.999.990,106.635.025
PURWABAKTI,2029,9354,5340.05,-6.731.791.999.999.990,106.635.025
PURWASARI,2025,7581,4011.92,-6.622.104.000.000.000,10.671.609.300.000.000
PURWASARI,2026,7732,4714.42,-6.622.104.000.000.000,10.671.609.300.000.000
PURWASARI,2027,7887,5324.71,-6.622.104.000.000.000,10.671.609.300.000.000
PURWASARI,2028,8045,5414.55,-6.622.104.000.000.000,10.671.609.300.000.000
PURWASARI,2029,8206,5414.55,-6.622.104.000.000.000,10.671.609.300.000.000
PUSPASARI,2025,14186,7140.6,-6.475.375.999.999.990,10.687.536.599.999.900
PUSPASARI,2026,14204,8478.35,-6.475.375.999.999.990,10.687.536.599.999.900
PUSPASARI,2027,14221,9612.9,-6.475.375.999.999.990,10.687.536.599.999.900
PUSPASARI,2028,14239,9721.07,-6.475.375.999.999.990,10.687.536.599.999.900
PUSPASARI,2029,14257,9721.07,-6.475.375.999.999.990,10.687.536.599.999.900
PUTAT NUTUG,2025,14351,7218.35,-64.657.160.000.000.000,10.666.744.800.000.000
PUTAT NUTUG,2026,14374,8575.38,-64.657.160.000.000.000,10.666.744.800.000.000
PUTAT NUTUG,2027,14397,9723.99,-64.657.160.000.000.000,10.666.744.800.000.000
PUTAT NUTUG,2028,14420,9828.69,-64.657.160.000.000.000,10.666.744.800.000.000
PUTAT NUTUG,2029,14443,9828.69,-64.657.160.000.000.000,10.666.744.800.000.000
RABAK,2025,15897,6827.45,-6.457.630.999.999.990,106.646.497
RABAK,2026,16335,8080.74,-6.457.630.999.999.990,106.646.497
RABAK,2027,16784,9090.5,-6.457.630.999.999.990,106.646.497
RABAK,2028,17245,9370.59,-6.457.630.999.999.990,106.646.497
RABAK,2029,17719,9370.59,-6.457.630.999.999.990,106.646.497
RAGAJAYA,2025,27610,11356.16,-6.448.278,106.786.354
RAGAJAYA,2026,28664,13609.86,-6.448.278,106.786.354
RAGAJAYA,2027,29759,15332.88,-6.448.278,106.786.354
RAGAJAYA,2028,30896,15332.88,-6.448.278,106.786.354
RAGAJAYA,2029,32076,15332.88,-6.448.278,106.786.354
RANCABUNGUR,2025,12703,5802.35,-6.538.165.999.999.990,106.731.256
RANCABUNGUR,2026,12927,6851.3,-6.538.165.999.999.990,106.731.256
RANCABUNGUR,2027,13156,7698.67,-6.538.165.999.999.990,106.731.256
RANCABUNGUR,2028,13388,7952.06,-6.538.165.999.999.990,106.731.256
RANCABUNGUR,2029,13625,7952.06,-6.538.165.999.999.990,106.731.256
RAWAKALONG,2025,15777,6514.85,-6.367.124.000.000.000,10.671.105
RAWAKALONG,2026,16308,7697.24,-6.367.124.000.000.000,10.671.105
RAWAKALONG,2027,16856,8632.08,-6.367.124.000.000.000,10.671.105
RAWAKALONG,2028,17423,8964.89,-6.367.124.000.000.000,10.671.105
RAWAKALONG,2029,18009,8964.89,-6.367.124.000.000.000,10.671.105
RAWAPANJANG,2025,60125,12192.9,-6.460.693.000.000.000,10.681.045.200.000.000
RAWAPANJANG,2026,71920,13957.09,-6.460.693.000.000.000,10.681.045.200.000.000
RAWAPANJANG,2027,86029,14216.12,-6.460.693.000.000.000,10.681.045.200.000.000
RAWAPANJANG,2028,102905,15181.7,-6.460.693.000.000.000,10.681.045.200.000.000
RAWAPANJANG,2029,123093,14066.79,-6.460.693.000.000.000,10.681.045.200.000.000
RENGASJAJAR,2025,12426,6543.67,-6.446.052,1.065.643
RENGASJAJAR,2026,12431,7757.54,-6.446.052,1.065.643
RENGASJAJAR,2027,12435,8782.78,-6.446.052,1.065.643
RENGASJAJAR,2028,12440,8906.95,-6.446.052,1.065.643
RENGASJAJAR,2029,12444,8906.95,-6.446.052,1.065.643
RUMPIN,2025,10890,3122.77,-6.476.311,10.664.346
RUMPIN,2026,12009,3652.85,-6.476.311,10.664.346
RUMPIN,2027,13242,3997.7,-6.476.311,10.664.346
RUMPIN,2028,14602,4352.06,-6.476.311,10.664.346
RUMPIN,2029,16102,4352.06,-6.476.311,10.664.346
SADENG,2025,11821,5359.46,-6.556.019.000.000.000,10.658.492.600.000.000
SADENG,2026,12428,6303.06,-6.556.019.000.000.000,10.658.492.600.000.000
SADENG,2027,13066,7069.07,-6.556.019.000.000.000,10.658.492.600.000.000
SADENG,2028,13737,7332.51,-6.556.019.000.000.000,10.658.492.600.000.000
SADENG,2029,14442,7332.51,-6.556.019.000.000.000,10.658.492.600.000.000
SADENG KOLOT,2025,13885,6591.97,-65.969.999.999.999.900,10.658.492.600.000.000
SADENG KOLOT,2026,14093,7808.89,-65.969.999.999.999.900,10.658.492.600.000.000
SADENG KOLOT,2027,14305,8809.63,-65.969.999.999.999.900,10.658.492.600.000.000
SADENG KOLOT,2028,14519,9013.17,-65.969.999.999.999.900,10.658.492.600.000.000
SADENG KOLOT,2029,14737,9013.17,-65.969.999.999.999.900,10.658.492.600.000.000
SANJA,2025,13631,8244.23,-6.505.129.999.999.990,10.686.798.999.999.900
SANJA,2026,13904,9815.31,-6.505.129.999.999.990,10.686.798.999.999.900
SANJA,2027,14182,11091.26,-6.505.129.999.999.990,10.686.798.999.999.900
SANJA,2028,14466,11091.26,-6.505.129.999.999.990,10.686.798.999.999.900
SANJA,2029,14755,11091.26,-6.505.129.999.999.990,10.686.798.999.999.900
SASAK PANJANG,2025,20545,17955.92,-6.452.569.000.000.000,10.676.515.199.999.900
SASAK PANJANG,2026,20956,21455.29,-6.452.569.000.000.000,10.676.515.199.999.900
SASAK PANJANG,2027,21375,22371.54,-6.452.569.000.000.000,10.676.515.199.999.900
SASAK PANJANG,2028,21802,22371.54,-6.452.569.000.000.000,10.676.515.199.999.900
SASAK PANJANG,2029,22238,22371.54,-6.452.569.000.000.000,10.676.515.199.999.900
SELAWANGI,2025,8201,3613.37,-6.573.676.999.999.990,10.709.799.300.000.000
SELAWANGI,2026,8406,4238.43,-6.573.676.999.999.990,10.709.799.300.000.000
SELAWANGI,2027,8617,4767.56,-6.573.676.999.999.990,10.709.799.300.000.000
SELAWANGI,2028,8833,4895.73,-6.573.676.999.999.990,10.709.799.300.000.000
SELAWANGI,2029,9055,4895.73,-6.573.676.999.999.990,10.709.799.300.000.000
SEMPLAK BARAT,2025,7868,4013.13,-6.546.611,10.675.229.300.000.000
SEMPLAK BARAT,2026,8026,4715.15,-6.546.611,10.675.229.300.000.000
SEMPLAK BARAT,2027,8186,5319.44,-6.546.611,10.675.229.300.000.000
SEMPLAK BARAT,2028,8350,5425.56,-6.546.611,10.675.229.300.000.000
SEMPLAK BARAT,2029,8517,5425.56,-6.546.611,10.675.229.300.000.000
SENTUL,2025,16787,7113.13,-6.518.188,10.684.963
SENTUL,2026,17321,8423.6,-6.518.188,10.684.963
SENTUL,2027,17872,9481.71,-6.518.188,10.684.963
SENTUL,2028,18441,9761.06,-6.518.188,10.684.963
SENTUL,2029,19027,9761.06,-6.518.188,10.684.963
SETU,2025,7033,12154.6,-64.821.240.000.000.000,106.466.756
SETU,2026,9047,13689.7,-64.821.240.000.000.000,106.466.756
SETU,2027,11637,1457.1,-64.821.240.000.000.000,106.466.756
SETU,2028,14969,1457.1,-64.821.240.000.000.000,106.466.756
SETU,2029,19255,1457.1,-64.821.240.000.000.000,106.466.756
SIBANTENG,2025,11632,5066.48,-6.555.451,106.596.481
SIBANTENG,2026,11926,5963.56,-6.555.451,106.596.481
SIBANTENG,2027,12227,6678.85,-6.555.451,106.596.481
SIBANTENG,2028,12535,6951.69,-6.555.451,106.596.481
SIBANTENG,2029,12852,6951.69,-6.555.451,106.596.481
SINARSARI,2025,10742,5070.48,-65.829.509.999.999.900,10.673.390.800.000.000
SINARSARI,2026,10886,5977.06,-65.829.509.999.999.900,10.673.390.800.000.000
SINARSARI,2027,11033,6714.44,-65.829.509.999.999.900,10.673.390.800.000.000
SINARSARI,2028,11181,6933.77,-65.829.509.999.999.900,10.673.390.800.000.000
SINARSARI,2029,11331,6933.77,-65.829.509.999.999.900,10.673.390.800.000.000
SINGABANGSA,2025,4541,21513.1,-631.582,106.469.994
SINGABANGSA,2026,4687,25291.3,-631.582,106.469.994
SINGABANGSA,2027,4838,2754.16,-631.582,106.469.994
SINGABANGSA,2028,4993,2754.16,-631.582,106.469.994
SINGABANGSA,2029,5154,2754.16,-631.582,106.469.994
SINGABRAJA,2025,4892,24954.7,-634.995,10.644.353.199.999.900
SINGABRAJA,2026,4941,29310.3,-634.995,10.644.353.199.999.900
SINGABRAJA,2027,4990,3245.4,-634.995,10.644.353.199.999.900
SINGABRAJA,2028,5039,3245.4,-634.995,10.644.353.199.999.900
SINGABRAJA,2029,5089,3245.4,-634.995,10.644.353.199.999.900
SINGAJAYA,2025,31201,11324.04,-6.459.747,10.704.229.600.000.000
SINGAJAYA,2026,33037,13572.63,-6.459.747,10.704.229.600.000.000
SINGAJAYA,2027,34980,15422.82,-6.459.747,10.704.229.600.000.000
SINGAJAYA,2028,37038,15473.67,-6.459.747,10.704.229.600.000.000
SINGAJAYA,2029,39216,15473.67,-6.459.747,10.704.229.600.000.000
SINGASARI,2025,13380,7210.19,-6.466.646,10.701.851.199.999.900
SINGASARI,2026,13648,8524.4,-6.466.646,10.701.851.199.999.900
SINGASARI,2027,13921,9708.41,-6.466.646,10.701.851.199.999.900
SINGASARI,2028,14199,9736.2,-6.466.646,10.701.851.199.999.900
SINGASARI,2029,14483,9736.2,-6.466.646,10.701.851.199.999.900
SIPAK,2025,16086,5994.22,-6.489.909,106.481.842
SIPAK,2026,16885,7081.73,-6.489.909,106.481.842
SIPAK,2027,17725,7863.1,-6.489.909,106.481.842
SIPAK,2028,18606,8338.42,-6.489.909,106.481.842
SIPAK,2029,19531,8338.42,-6.489.909,106.481.842
SIPAYUNG,2025,9047,4531.92,-6.571.585.000.000.000,10.650.521.199.999.900
SIPAYUNG,2026,9228,5331.93,-6.571.585.000.000.000,10.650.521.199.999.900
SIPAYUNG,2027,9413,6002.3,-6.571.585.000.000.000,10.650.521.199.999.900
SIPAYUNG,2028,9601,6161.03,-6.571.585.000.000.000,10.650.521.199.999.900
SIPAYUNG,2029,9793,6161.03,-6.571.585.000.000.000,10.650.521.199.999.900
SIRNAGALIH,2025,30025,3410.69,-6.634.834,106.770.746
SIRNAGALIH,2026,54398,6242.12,-6.634.834,106.770.746
SIRNAGALIH,2027,98556,3039.07,-6.634.834,106.770.746
SIRNAGALIH,2028,178561,18120.1,-6.634.834,106.770.746
SIRNAGALIH,2029,323512,-9063.07,-6.634.834,106.770.746
SIRNAJAYA,2025,10920,5208.09,-6.616.020.999.999.990,10.700.103.699.999.900
SIRNAJAYA,2026,11025,6142.4,-6.616.020.999.999.990,10.700.103.699.999.900
SIRNAJAYA,2027,11131,6905.2,-6.616.020.999.999.990,10.700.103.699.999.900
SIRNAJAYA,2028,11238,7120.05,-6.616.020.999.999.990,10.700.103.699.999.900
SIRNAJAYA,2029,11346,7120.05,-6.616.020.999.999.990,10.700.103.699.999.900
SIRNARASA,2025,6455,3130.2,-6.651.529.000.000.000,10.713.281.400.000.000
SIRNARASA,2026,6525,3675.02,-6.651.529.000.000.000,10.713.281.400.000.000
SIRNARASA,2027,6596,4170.41,-6.651.529.000.000.000,10.713.281.400.000.000
SIRNARASA,2028,6668,4179.57,-6.651.529.000.000.000,10.713.281.400.000.000
SIRNARASA,2029,6740,4179.57,-6.651.529.000.000.000,10.713.281.400.000.000
SIRNASARI,2025,3788,18087.1,-6.633.687.999.999.990,107.157.314
SIRNASARI,2026,3921,21255.8,-6.633.687.999.999.990,107.157.314
SIRNASARI,2027,4058,2233.97,-6.633.687.999.999.990,107.157.314
SIRNASARI,2028,4200,2233.97,-6.633.687.999.999.990,107.157.314
SIRNASARI,2029,4348,2233.97,-6.633.687.999.999.990,107.157.314
SITU ILIR,2025,11058,5307.97,-6.604.880.999.999.990,10.665.565.799.999.900
SITU ILIR,2026,11163,6255.41,-6.604.880.999.999.990,10.665.565.799.999.900
SITU ILIR,2027,11269,7040.38,-6.604.880.999.999.990,10.665.565.799.999.900
SITU ILIR,2028,11376,7245.57,-6.604.880.999.999.990,10.665.565.799.999.900
SITU ILIR,2029,11484,7245.57,-6.604.880.999.999.990,10.665.565.799.999.900
SITU UDIK,2025,16959,7720.48,-6.620.520.999.999.990,10.664.976.199.999.900
SITU UDIK,2026,17262,9172.16,-6.620.520.999.999.990,10.664.976.199.999.900
SITU UDIK,2027,17570,10389.43,-6.620.520.999.999.990,10.664.976.199.999.900
SITU UDIK,2028,17883,10536.56,-6.620.520.999.999.990,10.664.976.199.999.900
SITU UDIK,2029,18202,10536.56,-6.620.520.999.999.990,10.664.976.199.999.900
SITUDAUN,2025,11108,4947.44,-66.236.440.000.000.000,106.708.722
SITUDAUN,2026,11336,5829.69,-66.236.440.000.000.000,106.708.722
SITUDAUN,2027,11570,6530.22,-66.236.440.000.000.000,106.708.722
SITUDAUN,2028,11808,6787.47,-66.236.440.000.000.000,106.708.722
SITUDAUN,2029,12051,6787.47,-66.236.440.000.000.000,106.708.722
SITUSARI,2025,12805,8838.35,-6.428.118,10.702.146.499.999.900
SITUSARI,2026,13061,10543.59,-6.428.118,10.702.146.499.999.900
SITUSARI,2027,13322,11812.93,-6.428.118,10.702.146.499.999.900
SITUSARI,2028,13589,11812.93,-6.428.118,10.702.146.499.999.900
SITUSARI,2029,13861,11812.93,-6.428.118,10.702.146.499.999.900
SROGOL,2025,7342,3223.95,-6.742.029,10.681.923.599.999.900
SROGOL,2026,7538,3782.16,-6.742.029,10.681.923.599.999.900
SROGOL,2027,7740,4267.78,-6.742.029,10.681.923.599.999.900
SROGOL,2028,7948,4339.64,-6.742.029,10.681.923.599.999.900
SROGOL,2029,8161,4339.64,-6.742.029,10.681.923.599.999.900
SUKADAMAI,2025,12026,3488.8,-65.548.649.999.999.900,10.706.280.199.999.900
SUKADAMAI,2026,14570,5212.5,-65.548.649.999.999.900,10.706.280.199.999.900
SUKADAMAI,2027,17651,4743.53,-65.548.649.999.999.900,10.706.280.199.999.900
SUKADAMAI,2028,21385,6238.72,-65.548.649.999.999.900,10.706.280.199.999.900
SUKADAMAI,2029,25909,6106.5,-65.548.649.999.999.900,10.706.280.199.999.900
SUKAGALIH,2025,12064,3013.16,-6.476.515.000.000.000,10.710.414.699.999.900
SUKAGALIH,2026,15914,4610.59,-6.476.515.000.000.000,10.710.414.699.999.900
SUKAGALIH,2027,20992,4028.02,-6.476.515.000.000.000,10.710.414.699.999.900
SUKAGALIH,2028,27691,5262.57,-6.476.515.000.000.000,10.710.414.699.999.900
SUKAGALIH,2029,36527,4798.66,-6.476.515.000.000.000,10.710.414.699.999.900
SUKAHARJA,2025,9987,7615.7,-6.673.075.999.999.990,106.767.697
SUKAHARJA,2026,11514,6154.73,-6.673.075.999.999.990,106.767.697
SUKAHARJA,2027,13274,9380.83,-6.673.075.999.999.990,106.767.697
SUKAHARJA,2028,15304,8834.93,-6.673.075.999.999.990,106.767.697
SUKAHARJA,2029,17644,9563.76,-6.673.075.999.999.990,106.767.697
SUKAHATI,2025,12044,5515.78,-6.514.823,10.688.548.599.999.900
SUKAHATI,2026,12237,6507.4,-6.514.823,10.688.548.599.999.900
SUKAHATI,2027,12434,7308.25,-6.514.823,10.688.548.599.999.900
SUKAHATI,2028,12633,7557.42,-6.514.823,10.688.548.599.999.900
SUKAHATI,2029,12836,7557.42,-6.514.823,10.688.548.599.999.900
SUKAJADI,2025,15471,4890.96,-64.898.430.000.000.000,10.716.322.199.999.900
SUKAJADI,2026,24271,5398.16,-64.898.430.000.000.000,10.716.322.199.999.900
SUKAJADI,2027,38075,5815.15,-64.898.430.000.000.000,10.716.322.199.999.900
SUKAJADI,2028,59731,5872.12,-64.898.430.000.000.000,10.716.322.199.999.900
SUKAJADI,2029,93704,5121.87,-64.898.430.000.000.000,10.716.322.199.999.900
SUKAJAYA,2025,6103,5849.8,-6.543.788.000.000.000,10.701.250.699.999.900
SUKAJAYA,2026,6721,4279.35,-6.543.788.000.000.000,10.701.250.699.999.900
SUKAJAYA,2027,7402,7042.05,-6.543.788.000.000.000,10.701.250.699.999.900
SUKAJAYA,2028,8151,6312.73,-6.543.788.000.000.000,10.701.250.699.999.900
SUKAJAYA,2029,8976,7612.64,-6.543.788.000.000.000,10.701.250.699.999.900
SUKAKARYA,2025,9578,3738.94,-6.673.689.999.999.990,106.897.496
SUKAKARYA,2026,10815,4348.13,-6.673.689.999.999.990,106.897.496
SUKAKARYA,2027,12213,4847.24,-6.673.689.999.999.990,106.897.496
SUKAKARYA,2028,13791,5082.02,-6.673.689.999.999.990,106.897.496
SUKAKARYA,2029,15572,5082.02,-6.673.689.999.999.990,106.897.496
SUKALUYU,2025,11151,4180.35,-65.976,106.567.246
SUKALUYU,2026,12611,5583.95,-65.976,106.567.246
SUKALUYU,2027,14262,5621.92,-65.976,106.567.246
SUKALUYU,2028,16129,6812.3,-65.976,106.567.246
SUKALUYU,2029,18240,6812.3,-65.976,106.567.246
SUKAMAHI,2025,9777,4489.08,-6.668.132,106.872.423
SUKAMAHI,2026,10083,5275.25,-6.668.132,106.872.423
SUKAMAHI,2027,10399,5919.42,-6.668.132,106.872.423
SUKAMAHI,2028,10724,6125.16,-6.668.132,106.872.423
SUKAMAHI,2029,11060,6125.16,-6.668.132,106.872.423
SUKAMAJU,2025,8805,5563.34,-6.458.176,10.705.950.299.999.900
SUKAMAJU,2026,10605,4943.99,-6.458.176,10.705.950.299.999.900
SUKAMAJU,2027,12774,6861.5,-6.458.176,10.705.950.299.999.900
SUKAMAJU,2028,15386,6779.93,-6.458.176,10.705.950.299.999.900
SUKAMAJU,2029,18533,6863.37,-6.458.176,10.705.950.299.999.900
SUKAMAKMUR,2025,16162,4421.21,-6.585.260.000.000.000,107.000.799
SUKAMAKMUR,2026,19337,5910.92,-6.585.260.000.000.000,107.000.799
SUKAMAKMUR,2027,23137,5746.82,-6.585.260.000.000.000,107.000.799
SUKAMAKMUR,2028,27683,7106.49,-6.585.260.000.000.000,107.000.799
SUKAMAKMUR,2029,33122,7201.64,-6.585.260.000.000.000,107.000.799
SUKAMANAH,2025,9466,6794.04,-6.442.074,10.706.280.199.999.900
SUKAMANAH,2026,10058,5564.03,-6.442.074,10.706.280.199.999.900
SUKAMANAH,2027,10688,8370.81,-6.442.074,10.706.280.199.999.900
SUKAMANAH,2028,11357,7975.24,-6.442.074,10.706.280.199.999.900
SUKAMANAH,2029,12069,8644.76,-6.442.074,10.706.280.199.999.900
SUKAMANTRI,2025,22741,6708.91,-6.647.133.999.999.990,106.773.595
SUKAMANTRI,2026,26619,7792.98,-6.647.133.999.999.990,106.773.595
SUKAMANTRI,2027,31158,8500.75,-6.647.133.999.999.990,106.773.595
SUKAMANTRI,2028,36471,9370.59,-6.647.133.999.999.990,106.773.595
SUKAMANTRI,2029,42690,9370.59,-6.647.133.999.999.990,106.773.595
SUKAMULIH,2025,8377,3272.26,-6.561.895.999.999.990,106.481.822
SUKAMULIH,2026,9573,3800.84,-6.561.895.999.999.990,106.481.822
SUKAMULIH,2027,10940,4252.75,-6.561.895.999.999.990,106.481.822
SUKAMULIH,2028,12502,4408.59,-6.561.895.999.999.990,106.481.822
SUKAMULIH,2029,14288,4408.59,-6.561.895.999.999.990,106.481.822
SUKAMULYA,2025,18625,5723.85,-6.585.260.000.000.000,107.000.799
SUKAMULYA,2026,24461,8616.71,-6.585.260.000.000.000,107.000.799
SUKAMULYA,2027,32124,7751.9,-6.585.260.000.000.000,107.000.799
SUKAMULYA,2028,42189,10315.44,-6.585.260.000.000.000,107.000.799
SUKAMULYA,2029,55407,9741.86,-6.585.260.000.000.000,107.000.799
SUKANEGARA,2025,6384,28596.0,-6.522.846.999.999.990,107.024.417
SUKANEGARA,2026,6550,3350.84,-6.522.846.999.999.990,107.024.417
SUKANEGARA,2027,6720,3798.7,-6.522.846.999.999.990,107.024.417
SUKANEGARA,2028,6895,3798.7,-6.522.846.999.999.990,107.024.417
SUKANEGARA,2029,7074,3798.7,-6.522.846.999.999.990,107.024.417
SUKARAJA,2025,9419,5035.89,-6.526.169,10.680.028.900.000.000
SUKARAJA,2026,9607,5934.07,-6.526.169,10.680.028.900.000.000
SUKARAJA,2027,9799,6693.12,-6.526.169,10.680.028.900.000.000
SUKARAJA,2028,9995,6841.29,-6.526.169,10.680.028.900.000.000
SUKARAJA,2029,10195,6841.29,-6.526.169,10.680.028.900.000.000
SUKARAKSA,2025,10317,4936.28,-6.583.556.999.999.990,106.526
SUKARAKSA,2026,10415,5817.09,-6.583.556.999.999.990,106.526
SUKARAKSA,2027,10513,6538.79,-6.583.556.999.999.990,106.526
SUKARAKSA,2028,10613,6741.93,-6.583.556.999.999.990,106.526
SUKARAKSA,2029,10713,6741.93,-6.583.556.999.999.990,106.526
SUKARASA,2025,5402,27575.7,-6.602.911.000.000.000,107.083.473
SUKARASA,2026,5427,3238.11,-6.602.911.000.000.000,107.083.473
SUKARASA,2027,5452,3627.6,-6.602.911.000.000.000,107.083.473
SUKARASA,2028,5476,3627.6,-6.602.911.000.000.000,107.083.473
SUKARASA,2029,5501,3627.6,-6.602.911.000.000.000,107.083.473
SUKARESMI,2025,18870,3742.28,-65.322.890.000.000.000,10.704.803.800.000.000
SUKARESMI,2026,24429,6728.2,-65.322.890.000.000.000,10.704.803.800.000.000
SUKARESMI,2027,31625,5104.35,-65.322.890.000.000.000,10.704.803.800.000.000
SUKARESMI,2028,40942,7409.18,-65.322.890.000.000.000,10.704.803.800.000.000
SUKARESMI,2029,53003,5988.98,-65.322.890.000.000.000,10.704.803.800.000.000
SUKASARI,2025,14516,5953.51,-64.164.650.000.000.000,106.620.371
SUKASARI,2026,15027,7019.73,-64.164.650.000.000.000,106.620.371
SUKASARI,2027,15556,7854.14,-64.164.650.000.000.000,106.620.371
SUKASARI,2028,16103,8200.45,-64.164.650.000.000.000,106.620.371
SUKASARI,2029,16670,8200.45,-64.164.650.000.000.000,106.620.371
SUKASIRNA,2025,15124,7626.56,-6.490.855.000.000.000,10.705.984.899.999.900
SUKASIRNA,2026,15139,9072.91,-6.490.855.000.000.000,10.705.984.899.999.900
SUKASIRNA,2027,15155,10309.66,-6.490.855.000.000.000,10.705.984.899.999.900
SUKASIRNA,2028,15171,10369.6,-6.490.855.000.000.000,10.705.984.899.999.900
SUKASIRNA,2029,15187,10369.6,-6.490.855.000.000.000,10.705.984.899.999.900
SUKATANI,2025,4780,27162.9,-6.610.114,10.683.996.199.999.900
SUKATANI,2026,4875,3188.21,-6.610.114,10.683.996.199.999.900
SUKATANI,2027,4973,3546.21,-6.610.114,10.683.996.199.999.900
SUKATANI,2028,5072,3546.21,-6.610.114,10.683.996.199.999.900
SUKATANI,2029,5174,3546.21,-6.610.114,10.683.996.199.999.900
SUKAWANGI,2025,13954,5825.44,-6.651.358,10.703.328.900.000.000
SUKAWANGI,2026,14426,6866.6,-6.651.358,10.703.328.900.000.000
SUKAWANGI,2027,14914,7686.76,-6.651.358,10.703.328.900.000.000
SUKAWANGI,2028,15418,8015.52,-6.651.358,10.703.328.900.000.000
SUKAWANGI,2029,15939,8015.52,-6.651.358,10.703.328.900.000.000
SUKAWENING,2025,9028,4534.94,-6.602.051.999.999.990,10.673.820.699.999.900
SUKAWENING,2026,9043,5341.88,-6.602.051.999.999.990,10.673.820.699.999.900
SUKAWENING,2027,9058,6015.91,-6.602.051.999.999.990,10.673.820.699.999.900
SUKAWENING,2028,9072,6169.32,-6.602.051.999.999.990,10.673.820.699.999.900
SUKAWENING,2029,9087,6169.32,-6.602.051.999.999.990,10.673.820.699.999.900
SUKMAJAYA,2025,10020,4985.16,-64.822.869.999.999.900,106.779.642
SUKMAJAYA,2026,10061,5878.46,-64.822.869.999.999.900,106.779.642
SUKMAJAYA,2027,10101,6617.02,-64.822.869.999.999.900,106.779.642
SUKMAJAYA,2028,10142,6798.54,-64.822.869.999.999.900,106.779.642
SUKMAJAYA,2029,10183,6798.54,-64.822.869.999.999.900,106.779.642
SUMURBATU,2025,9374,5029.65,-6.583.358.999.999.990,10.688.443.900.000.000
SUMURBATU,2026,9561,5926.67,-6.583.358.999.999.990,10.688.443.900.000.000
SUMURBATU,2027,9753,6685.44,-6.583.358.999.999.990,10.688.443.900.000.000
SUMURBATU,2028,9948,6831.63,-6.583.358.999.999.990,10.688.443.900.000.000
SUMURBATU,2029,10147,6831.63,-6.583.358.999.999.990,10.688.443.900.000.000
SUSUKAN,2025,39531,9548.25,-6.472.015.000.000.000,10.679.217.000.000.000
SUSUKAN,2026,44481,11222.55,-6.472.015.000.000.000,10.679.217.000.000.000
SUSUKAN,2027,50051,12028.12,-6.472.015.000.000.000,10.679.217.000.000.000
SUSUKAN,2028,56318,13672.91,-6.472.015.000.000.000,10.679.217.000.000.000
SUSUKAN,2029,63371,13672.91,-6.472.015.000.000.000,10.679.217.000.000.000
TAJUR,2025,14731,6710.06,-6.489.367,10.687.976.899.999.900
TAJUR,2026,14984,7944.99,-6.489.367,10.687.976.899.999.900
TAJUR,2027,15242,8957.58,-6.489.367,10.687.976.899.999.900
TAJUR,2028,15504,9184.29,-6.489.367,10.687.976.899.999.900
TAJUR,2029,15770,9184.29,-6.489.367,10.687.976.899.999.900
TAJUR HALANG,2025,8379,3398.69,-6.677.856,10.677.954.399.999.900
TAJUR HALANG,2026,8715,3993.8,-6.677.856,10.677.954.399.999.900
TAJUR HALANG,2027,9065,4471.95,-6.677.856,10.677.954.399.999.900
TAJUR HALANG,2028,9428,4629.4,-6.677.856,10.677.954.399.999.900
TAJUR HALANG,2029,9806,4629.4,-6.677.856,10.677.954.399.999.900
TAJURHALANG,2025,25660,13339.03,-6.677.856,10.677.954.399.999.900
TAJURHALANG,2026,25677,16124.87,-6.677.856,10.677.954.399.999.900
TAJURHALANG,2027,25693,17635.89,-6.677.856,10.677.954.399.999.900
TAJURHALANG,2028,25710,17635.89,-6.677.856,10.677.954.399.999.900
TAJURHALANG,2029,25726,17635.89,-6.677.856,10.677.954.399.999.900
TAMANSARI,2025,15145,7996.24,-6.377.701,106.633.736
TAMANSARI,2026,15808,7757.39,-6.377.701,106.633.736
TAMANSARI,2027,16499,9766.55,-6.377.701,106.633.736
TAMANSARI,2028,17221,9766.55,-6.377.701,106.633.736
TAMANSARI,2029,17975,9766.55,-6.377.701,106.633.736
TANGKIL,2025,20589,4873.36,-65.383.960.000.000.000,10.687.093.999.999.900
TANGKIL,2026,35974,4869.75,-65.383.960.000.000.000,10.687.093.999.999.900
TANGKIL,2027,62854,5095.63,-65.383.960.000.000.000,10.687.093.999.999.900
TANGKIL,2028,109818,3663.62,-65.383.960.000.000.000,10.687.093.999.999.900
TANGKIL,2029,191876,-14365.0,-65.383.960.000.000.000,10.687.093.999.999.900
TANJUNGRASA,2025,7104,3662.74,-6.578.045.999.999.990,107.133.673
TANJUNGRASA,2026,7365,4296.08,-6.578.045.999.999.990,107.133.673
TANJUNGRASA,2027,7636,4857.13,-6.578.045.999.999.990,107.133.673
TANJUNGRASA,2028,7917,4921.93,-6.578.045.999.999.990,107.133.673
TANJUNGRASA,2029,8208,4921.93,-6.578.045.999.999.990,107.133.673
TANJUNGSARI,2025,7185,3772.05,-6.678.698.000.000.000,106.789.835
TANJUNGSARI,2026,8152,4130.08,-6.678.698.000.000.000,106.789.835
TANJUNGSARI,2027,9250,4632.18,-6.678.698.000.000.000,106.789.835
TANJUNGSARI,2028,10496,4632.18,-6.678.698.000.000.000,106.789.835
TANJUNGSARI,2029,11910,4632.18,-6.678.698.000.000.000,106.789.835
TAPOS,2025,8022,4075.19,-6.397.055,10.649.359.799.999.900
TAPOS,2026,8025,4794.87,-6.397.055,10.649.359.799.999.900
TAPOS,2027,8029,5408.73,-6.397.055,10.649.359.799.999.900
TAPOS,2028,8032,5519.41,-6.397.055,10.649.359.799.999.900
TAPOS,2029,8036,5519.41,-6.397.055,10.649.359.799.999.900
TAPOS I,2025,9789,4562.9,-6.677.798,10.670.577.099.999.900
TAPOS I,2026,9925,5369.68,-6.677.798,10.670.577.099.999.900
TAPOS I,2027,10062,6030.37,-6.677.798,10.670.577.099.999.900
TAPOS I,2028,10201,6228.65,-6.677.798,10.670.577.099.999.900
TAPOS I,2029,10342,6228.65,-6.677.798,10.670.577.099.999.900
TAPOS II,2025,8472,4423.5,-66.346.419.999.999.900,10.669.106.499.999.900
TAPOS II,2026,8642,5205.95,-66.346.419.999.999.900,10.669.106.499.999.900
TAPOS II,2027,8814,5867.36,-66.346.419.999.999.900,10.669.106.499.999.900
TAPOS II,2028,8991,6001.01,-66.346.419.999.999.900,10.669.106.499.999.900
TAPOS II,2029,9170,6001.01,-66.346.419.999.999.900,10.669.106.499.999.900
TARIKOLOT,2025,22171,12347.57,-6.499.192.000.000.000,10.689.159.500.000.000
TARIKOLOT,2026,22614,14858.44,-6.499.192.000.000.000,10.689.159.500.000.000
TARIKOLOT,2027,23066,16322.24,-6.499.192.000.000.000,10.689.159.500.000.000
TARIKOLOT,2028,23528,16322.24,-6.499.192.000.000.000,10.689.159.500.000.000
TARIKOLOT,2029,23998,16322.24,-6.499.192.000.000.000,10.689.159.500.000.000
TEGAL,2025,22029,8070.83,-64.880.830.000.000.000,10.671.688.900.000.000
TEGAL,2026,23311,9554.08,-64.880.830.000.000.000,10.671.688.900.000.000
TEGAL,2027,24668,10716.85,-64.880.830.000.000.000,10.671.688.900.000.000
TEGAL,2028,26103,11125.72,-64.880.830.000.000.000,10.671.688.900.000.000
TEGAL,2029,27622,11125.72,-64.880.830.000.000.000,10.671.688.900.000.000
TEGALLEGA,2025,8720,4310.31,-6.465.808,10.658.787.200.000.000
TEGALLEGA,2026,8788,5071.24,-6.465.808,10.658.787.200.000.000
TEGALLEGA,2027,8858,5710.66,-6.465.808,10.658.787.200.000.000
TEGALLEGA,2028,8927,5856.09,-6.465.808,10.658.787.200.000.000
TEGALLEGA,2029,8997,5856.09,-6.465.808,10.658.787.200.000.000
TEGALPANJANG,2025,5417,26095.1,-649.148,10.711.596.000.000.000
TEGALPANJANG,2026,5678,3054.79,-649.148,10.711.596.000.000.000
TEGALPANJANG,2027,5951,3413.73,-649.148,10.711.596.000.000.000
TEGALPANJANG,2028,6237,3413.73,-649.148,10.711.596.000.000.000
TEGALPANJANG,2029,6538,3413.73,-649.148,10.711.596.000.000.000
TEGALWANGI,2025,6440,3038.78,-6.463.666.999.999.990,10.641.997.599.999.900
TEGALWANGI,2026,6542,3564.4,-6.463.666.999.999.990,10.641.997.599.999.900
TEGALWANGI,2027,6645,4047.36,-6.463.666.999.999.990,10.641.997.599.999.900
TEGALWANGI,2028,6750,4049.88,-6.463.666.999.999.990,10.641.997.599.999.900
TEGALWANGI,2029,6857,4049.88,-6.463.666.999.999.990,10.641.997.599.999.900
TEGALWARU,2025,14516,7213.62,-657.261,106.696.929
TEGALWARU,2026,14563,8568.49,-657.261,106.696.929
TEGALWARU,2027,14610,9712.03,-657.261,106.696.929
TEGALWARU,2028,14657,9827.28,-657.261,106.696.929
TEGALWARU,2029,14704,9827.28,-657.261,106.696.929
TELUK PINANG,2025,8025,4081.94,-6.681.726,10.685.176.499.999.900
TELUK PINANG,2026,8186,4795.86,-6.681.726,10.685.176.499.999.900
TELUK PINANG,2027,8350,5409.11,-6.681.726,10.685.176.499.999.900
TELUK PINANG,2028,8517,5522.19,-6.681.726,10.685.176.499.999.900
TELUK PINANG,2029,8687,5522.19,-6.681.726,10.685.176.499.999.900
TENJO,2025,10604,5607.7,-6.328.688,10.646.177.700.000.000
TENJO,2026,10816,6624.22,-6.328.688,10.646.177.700.000.000
TENJO,2027,11032,7471.72,-6.328.688,10.646.177.700.000.000
TENJO,2028,11253,7637.47,-6.328.688,10.646.177.700.000.000
TENJO,2029,11478,7637.47,-6.328.688,10.646.177.700.000.000
TLAJUNG UDIK,2025,60520,3108.8,-64.459.550.000.000.000,10.691.244.099.999.900
TLAJUNG UDIK,2026,61099,3777.0,-64.459.550.000.000.000,10.691.244.099.999.900
TLAJUNG UDIK,2027,61683,39445.8,-64.459.550.000.000.000,10.691.244.099.999.900
TLAJUNG UDIK,2028,62274,39445.8,-64.459.550.000.000.000,10.691.244.099.999.900
TLAJUNG UDIK,2029,62869,39445.8,-64.459.550.000.000.000,10.691.244.099.999.900
TONJONG,2025,11172,4506.51,-6.490.944.999.999.990,106.766.198
TONJONG,2026,11638,5286.54,-6.490.944.999.999.990,106.766.198
TONJONG,2027,12124,5900.06,-6.490.944.999.999.990,106.766.198
TONJONG,2028,12630,6190.02,-6.490.944.999.999.990,106.766.198
TONJONG,2029,13158,6190.02,-6.490.944.999.999.990,106.766.198
TUGU SELATAN,2025,18611,9880.54,-67.147.630.000.000.000,10.697.116.300.000.000
TUGU SELATAN,2026,18983,11821.15,-67.147.630.000.000.000,10.697.116.300.000.000
TUGU SELATAN,2027,19363,13261.76,-67.147.630.000.000.000,10.697.116.300.000.000
TUGU SELATAN,2028,19750,13261.76,-67.147.630.000.000.000,10.697.116.300.000.000
TUGU SELATAN,2029,20145,13261.76,-67.147.630.000.000.000,10.697.116.300.000.000
TUGU UTARA,2025,11475,5774.23,-6.688.894,10.697.718.300.000.000
TUGU UTARA,2026,11509,6818.55,-6.688.894,10.697.718.300.000.000
TUGU UTARA,2027,11543,7694.93,-6.688.894,10.697.718.300.000.000
TUGU UTARA,2028,11577,7869.3,-6.688.894,10.697.718.300.000.000
TUGU UTARA,2029,11610,7869.3,-6.688.894,10.697.718.300.000.000
TUGUJAYA,2025,17487,8074.73,-6.739.565.000.000.000,106.779.648
TUGUJAYA,2026,17923,9602.08,-6.739.565.000.000.000,106.779.648
TUGUJAYA,2027,18370,10898.24,-6.739.565.000.000.000,106.779.648
TUGUJAYA,2028,18827,10997.4,-6.739.565.000.000.000,106.779.648
TUGUJAYA,2029,19297,10997.4,-6.739.565.000.000.000,106.779.648
URUG,2025,6037,27603.7,-6.620.798.000.000.000,10.650.929.899.999.900
URUG,2026,6171,3239.11,-6.620.798.000.000.000,10.650.929.899.999.900
URUG,2027,6308,3655.24,-6.620.798.000.000.000,10.650.929.899.999.900
URUG,2028,6448,3655.24,-6.620.798.000.000.000,10.650.929.899.999.900
URUG,2029,6592,3655.24,-6.620.798.000.000.000,10.650.929.899.999.900
WANAHERANG,2025,39435,15570.92,-6.415.347,10.694.472.599.999.900
WANAHERANG,2026,41479,18945.0,-6.415.347,10.694.472.599.999.900
WANAHERANG,2027,43629,20904.75,-6.415.347,10.694.472.599.999.900
WANAHERANG,2028,45890,20904.75,-6.415.347,10.694.472.599.999.900
WANAHERANG,2029,48269,20904.75,-6.415.347,10.694.472.599.999.900
WANGUNJAYA,2025,8663,4222.75,-6.586.913.000.000.000,106.579.035
WANGUNJAYA,2026,8722,4968.38,-6.586.913.000.000.000,106.579.035
WANGUNJAYA,2027,8781,5592.8,-6.586.913.000.000.000,106.579.035
WANGUNJAYA,2028,8841,5738.82,-6.586.913.000.000.000,106.579.035
WANGUNJAYA,2029,8901,5738.82,-6.586.913.000.000.000,106.579.035
WARGAJAYA,2025,7801,5005.44,-6.615.254.999.999.990,107.024.417
WARGAJAYA,2026,8806,4549.9,-6.615.254.999.999.990,107.024.417
WARGAJAYA,2027,9941,6181.74,-6.615.254.999.999.990,107.024.417
WARGAJAYA,2028,11222,6181.74,-6.615.254.999.999.990,107.024.417
WARGAJAYA,2029,12668,6181.74,-6.615.254.999.999.990,107.024.417
WARINGINJAYA,2025,19756,10005.08,-6.509.075,106.789.816
WARINGINJAYA,2026,20015,11979.97,-6.509.075,106.789.816
WARINGINJAYA,2027,20278,13453.56,-6.509.075,106.789.816
WARINGINJAYA,2028,20544,13453.56,-6.509.075,106.789.816
WARINGINJAYA,2029,20813,13453.56,-6.509.075,106.789.816
WARU,2025,18050,9907.67,-6.417.764,10.672.051.499.999.900
WARU,2026,18411,11854.26,-6.417.764,10.672.051.499.999.900
WARU,2027,18779,13276.92,-6.417.764,10.672.051.499.999.900
WARU,2028,19155,13276.92,-6.417.764,10.672.051.499.999.900
WARU,2029,19538,13276.92,-6.417.764,10.672.051.499.999.900
WARUJAYA,2025,15344,6276.98,-6.435.736,10.671.056.400.000.000
WARUJAYA,2026,15886,7408.85,-6.435.736,10.671.056.400.000.000
WARUJAYA,2027,16448,8297.43,-6.435.736,10.671.056.400.000.000
WARUJAYA,2028,17029,8644.76,-6.435.736,10.671.056.400.000.000
WARUJAYA,2029,17631,8644.76,-6.435.736,10.671.056.400.000.000
WARUNG MENTENG,2025,8822,3637.02,-6.701.295,10.680.751.400.000.000
WARUNG MENTENG,2026,9151,4259.55,-6.701.295,10.680.751.400.000.000
WARUNG MENTENG,2027,9493,4777.09,-6.701.295,10.680.751.400.000.000
WARUNG MENTENG,2028,9847,4944.0,-6.701.295,10.680.751.400.000.000
WARUNG MENTENG,2029,10215,4944.0,-6.701.295,10.680.751.400.000.000
WATESJAYA,2025,6948,3273.42,-6.756.524.999.999.990,10.681.193.800.000.000
WATESJAYA,2026,7079,3839.83,-6.756.524.999.999.990,10.681.193.800.000.000
WATESJAYA,2027,7212,4345.62,-6.756.524.999.999.990,10.681.193.800.000.000
WATESJAYA,2028,7348,4389.32,-6.756.524.999.999.990,10.681.193.800.000.000
WATESJAYA,2029,7486,4389.32,-6.756.524.999.999.990,10.681.193.800.000.000
WENINGGALIH,2025,5732,24133.2,-6.461.348.000.000.000,10.709.823.999.999.900
WENINGGALIH,2026,5961,28248.7,-6.461.348.000.000.000,10.709.823.999.999.900
WENINGGALIH,2027,6200,3152.95,-6.461.348.000.000.000,10.709.823.999.999.900
WENINGGALIH,2028,6447,3152.95,-6.461.348.000.000.000,10.709.823.999.999.900
WENINGGALIH,2029,6705,3152.95,-6.461.348.000.000.000,10.709.823.999.999.900
WIRAJAYA,2025,4617,26044.2,-6.532.985.999.999.990,10.642.292
WIRAJAYA,2026,4709,3057.09,-6.532.985.999.999.990,10.642.292
WIRAJAYA,2027,4803,3384.8,-6.532.985.999.999.990,10.642.292
WIRAJAYA,2028,4899,3384.8,-6.532.985.999.999.990,10.642.292
WIRAJAYA,2029,4997,3384.8,-6.532.985.999.999.990,10.642.292